synonym,preferred,rank,address
Gemmatimonadetes,Gemmatimonadota,phylum,https://lpsn.dsmz.de/phylum/gemmatimonadota
Gemmatimonadaeota,Gemmatimonadota,phylum,https://lpsn.dsmz.de/phylum/gemmatimonadota
Chloroflexi,Chloroflexota,phylum,https://lpsn.dsmz.de/phylum/chloroflexota
Chlorobacteria,Chloroflexota,phylum,https://lpsn.dsmz.de/phylum/chloroflexota
Eobacteria,Chloroflexota,phylum,https://lpsn.dsmz.de/phylum/chloroflexota
Chloroflexaeota,Chloroflexota,phylum,https://lpsn.dsmz.de/phylum/chloroflexota
Bacteroidaeota,Bacteroidota,phylum,https://lpsn.dsmz.de/phylum/bacteroidota
Bacteroidetes,Bacteroidota,phylum,https://lpsn.dsmz.de/phylum/bacteroidota
Sphingobacteria,Bacteroidota,phylum,https://lpsn.dsmz.de/phylum/bacteroidota
Rhodothermaeota,Rhodothermota,phylum,https://lpsn.dsmz.de/phylum/rhodothermota
Deferribacteres,Deferribacterota,phylum,https://lpsn.dsmz.de/phylum/deferribacterota
Deferribacteraeota,Deferribacterota,phylum,https://lpsn.dsmz.de/phylum/deferribacterota
Actinobacteria,Actinomycetota,phylum,https://lpsn.dsmz.de/phylum/actinomycetota
Actinobacteria,Actinomycetota,phylum,https://lpsn.dsmz.de/phylum/actinomycetota
Actinobacteraeota,Actinomycetota,phylum,https://lpsn.dsmz.de/phylum/actinomycetota
Actinobacteriota,Actinomycetota,phylum,https://lpsn.dsmz.de/phylum/actinomycetota
Chrysiogenetota,Chrysiogenota,phylum,https://lpsn.dsmz.de/phylum/chrysiogenota
Chrysiogenetes,Chrysiogenota,phylum,https://lpsn.dsmz.de/phylum/chrysiogenota
Chrysiogenaeota,Chrysiogenota,phylum,https://lpsn.dsmz.de/phylum/chrysiogenota
Deinococcaeota,Deinococcota,phylum,https://lpsn.dsmz.de/phylum/deinococcota
Deinococcus-Thermus,Deinococcota,phylum,https://lpsn.dsmz.de/phylum/deinococcota
Hadobacteria,Deinococcota,phylum,https://lpsn.dsmz.de/phylum/deinococcota
Ignavibacteriota,Chlorobiota,phylum,https://lpsn.dsmz.de/phylum/chlorobiota
Tenericutes,Mycoplasmatota,phylum,https://lpsn.dsmz.de/phylum/mycoplasmatota
Mollicutota,Mycoplasmatota,phylum,https://lpsn.dsmz.de/phylum/mycoplasmatota
Mollicutaeota,Mycoplasmatota,phylum,https://lpsn.dsmz.de/phylum/mycoplasmatota
Cyanobacteria,Cyanobacteriota,phylum,https://lpsn.dsmz.de/phylum/cyanobacteriota
Armatimonadetes,Armatimonadota,phylum,https://lpsn.dsmz.de/phylum/armatimonadota
Armatimonadaeota,Armatimonadota,phylum,https://lpsn.dsmz.de/phylum/armatimonadota
Balneolaeota,Balneolota,phylum,https://lpsn.dsmz.de/phylum/balneolota
Caldiserica,Caldisericota,phylum,https://lpsn.dsmz.de/phylum/caldisericota
Caldisericaeota,Caldisericota,phylum,https://lpsn.dsmz.de/phylum/caldisericota
Fibrobacteres,Fibrobacterota,phylum,https://lpsn.dsmz.de/phylum/fibrobacterota
Fibrobacteraeota,Fibrobacterota,phylum,https://lpsn.dsmz.de/phylum/fibrobacterota
Verrucomicrobia,Verrucomicrobiota,phylum,https://lpsn.dsmz.de/phylum/verrucomicrobiota
Verrucomicrobia,Verrucomicrobiota,phylum,https://lpsn.dsmz.de/phylum/verrucomicrobiota
Verrucomicrobia,Verrucomicrobiota,phylum,https://lpsn.dsmz.de/phylum/verrucomicrobiota
Verrucomicrobaeota,Verrucomicrobiota,phylum,https://lpsn.dsmz.de/phylum/verrucomicrobiota
Thermomicrobia,Thermomicrobiota,phylum,https://lpsn.dsmz.de/phylum/thermomicrobiota
Thermomicrobaeota,Thermomicrobiota,phylum,https://lpsn.dsmz.de/phylum/thermomicrobiota
Fusobacteria,Fusobacteriota,phylum,https://lpsn.dsmz.de/phylum/fusobacteriota
Fusobacteraeota,Fusobacteriota,phylum,https://lpsn.dsmz.de/phylum/fusobacteriota
Dictyoglomota,Dictyoglomerota,phylum,https://lpsn.dsmz.de/phylum/dictyoglomerota
Dictyoglomota,Dictyoglomerota,phylum,https://lpsn.dsmz.de/phylum/dictyoglomerota
Dictyoglomi,Dictyoglomerota,phylum,https://lpsn.dsmz.de/phylum/dictyoglomerota
Dictyoglomaeota,Dictyoglomerota,phylum,https://lpsn.dsmz.de/phylum/dictyoglomerota
Dictyoglomera,Dictyoglomerota,phylum,https://lpsn.dsmz.de/phylum/dictyoglomerota
Synergistetes,Synergistota,phylum,https://lpsn.dsmz.de/phylum/synergistota
Synergistaeota,Synergistota,phylum,https://lpsn.dsmz.de/phylum/synergistota
Calditrichaeota,Calditrichota,phylum,https://lpsn.dsmz.de/phylum/calditrichota
Desulfobacterota,Pseudomonadota,phylum,https://lpsn.dsmz.de/phylum/pseudomonadota
Proteobacteria,Pseudomonadota,phylum,https://lpsn.dsmz.de/phylum/pseudomonadota
Campylobacterota,Pseudomonadota,phylum,https://lpsn.dsmz.de/phylum/pseudomonadota
Campylobacterota,Pseudomonadota,phylum,https://lpsn.dsmz.de/phylum/pseudomonadota
Myxococcota,Pseudomonadota,phylum,https://lpsn.dsmz.de/phylum/pseudomonadota
Epsilonbacteraeota,Pseudomonadota,phylum,https://lpsn.dsmz.de/phylum/pseudomonadota
Myxococcota,Pseudomonadota,phylum,https://lpsn.dsmz.de/phylum/pseudomonadota
Proteobacteria,Pseudomonadota,phylum,https://lpsn.dsmz.de/phylum/pseudomonadota
Proteobacteria,Pseudomonadota,phylum,https://lpsn.dsmz.de/phylum/pseudomonadota
Bdellovibrionota,Pseudomonadota,phylum,https://lpsn.dsmz.de/phylum/pseudomonadota
Bdellovibrionota,Pseudomonadota,phylum,https://lpsn.dsmz.de/phylum/pseudomonadota
Alphaproteobacteraeota,Pseudomonadota,phylum,https://lpsn.dsmz.de/phylum/pseudomonadota
Alphaproteobacteriota,Pseudomonadota,phylum,https://lpsn.dsmz.de/phylum/pseudomonadota
Acidobacteria,Acidobacteriota,phylum,https://lpsn.dsmz.de/phylum/acidobacteriota
Acidobacteraeota,Acidobacteriota,phylum,https://lpsn.dsmz.de/phylum/acidobacteriota
Nitrospinae,Nitrospinota,phylum,https://lpsn.dsmz.de/phylum/nitrospinota
Thermoproteaeota,Thermoproteota,phylum,https://lpsn.dsmz.de/phylum/thermoproteota
Crenarchaeota,Thermoproteota,phylum,https://lpsn.dsmz.de/phylum/thermoproteota
Chlamydiae,Chlamydiota,phylum,https://lpsn.dsmz.de/phylum/chlamydiota
Chlamydaeota,Chlamydiota,phylum,https://lpsn.dsmz.de/phylum/chlamydiota
Thermodesulfobacteraeota,Thermodesulfobacteriota,phylum,https://lpsn.dsmz.de/phylum/thermodesulfobacteriota
Thermodesulfobacteria,Thermodesulfobacteriota,phylum,https://lpsn.dsmz.de/phylum/thermodesulfobacteriota
Nitrospiraeota,Nitrospirota,phylum,https://lpsn.dsmz.de/phylum/nitrospirota
Nitrospirae,Nitrospirota,phylum,https://lpsn.dsmz.de/phylum/nitrospirota
Methanobacteraeota,Euryarchaeota,phylum,https://lpsn.dsmz.de/phylum/euryarchaeota
Archaebacteria,Euryarchaeota,phylum,https://lpsn.dsmz.de/phylum/euryarchaeota
Mendosicutes,Euryarchaeota,phylum,https://lpsn.dsmz.de/phylum/euryarchaeota
Methanobacteriota,Euryarchaeota,phylum,https://lpsn.dsmz.de/phylum/euryarchaeota
Thaumarchaeota,Nitrososphaerota,phylum,https://lpsn.dsmz.de/phylum/nitrososphaerota
Nitrososphaeraeota,Nitrososphaerota,phylum,https://lpsn.dsmz.de/phylum/nitrososphaerota
Lentisphaerae,Lentisphaerota,phylum,https://lpsn.dsmz.de/phylum/lentisphaerota
Lentisphaeraeota,Lentisphaerota,phylum,https://lpsn.dsmz.de/phylum/lentisphaerota
Elusimicrobia,Elusimicrobiota,phylum,https://lpsn.dsmz.de/phylum/elusimicrobiota
Elusimicrobaeota,Elusimicrobiota,phylum,https://lpsn.dsmz.de/phylum/elusimicrobiota
Aquificae,Aquificota,phylum,https://lpsn.dsmz.de/phylum/aquificota
Aquithermota,Aquificota,phylum,https://lpsn.dsmz.de/phylum/aquificota
Aquificaeota,Aquificota,phylum,https://lpsn.dsmz.de/phylum/aquificota
Thermotogae,Thermotogota,phylum,https://lpsn.dsmz.de/phylum/thermotogota
Thermotogaeota,Thermotogota,phylum,https://lpsn.dsmz.de/phylum/thermotogota
Synthermota,Thermotogota,phylum,https://lpsn.dsmz.de/phylum/thermotogota
Spirochaetae,Spirochaetota,phylum,https://lpsn.dsmz.de/phylum/spirochaetota
Spirochaetae,Spirochaetota,phylum,https://lpsn.dsmz.de/phylum/spirochaetota
Spirochaetes,Spirochaetota,phylum,https://lpsn.dsmz.de/phylum/spirochaetota
Spirochaetaeota,Spirochaetota,phylum,https://lpsn.dsmz.de/phylum/spirochaetota
Planctomycetaeota,Planctomycetota,phylum,https://lpsn.dsmz.de/phylum/planctomycetota
Planctobacteria,Planctomycetota,phylum,https://lpsn.dsmz.de/phylum/planctomycetota
Planctomycetes,Planctomycetota,phylum,https://lpsn.dsmz.de/phylum/planctomycetota
Desulfotomaculota,Bacillota,phylum,https://lpsn.dsmz.de/phylum/bacillota
Eurybacteria,Bacillota,phylum,https://lpsn.dsmz.de/phylum/bacillota
Eurybacteria,Bacillota,phylum,https://lpsn.dsmz.de/phylum/bacillota
Bacillaeota,Bacillota,phylum,https://lpsn.dsmz.de/phylum/bacillota
Firmacutes,Bacillota,phylum,https://lpsn.dsmz.de/phylum/bacillota
Firmicutes,Bacillota,phylum,https://lpsn.dsmz.de/phylum/bacillota
Endobacteria,Bacillota,phylum,https://lpsn.dsmz.de/phylum/bacillota
Posibacteria,Bacillota,phylum,https://lpsn.dsmz.de/phylum/bacillota
Kiritimatiellaeota,Kiritimatiellota,phylum,https://lpsn.dsmz.de/phylum/kiritimatiellota
Azomonotrichon,Azomonas,genus,https://lpsn.dsmz.de/genus/azomonas
Salinarubrum,Salinirubrum,genus,https://lpsn.dsmz.de/genus/salinirubrum
Arboriscoccus,Arboricoccus,genus,https://lpsn.dsmz.de/genus/arboricoccus
Pseudohelicobacter,Helicobacter,genus,https://lpsn.dsmz.de/genus/helicobacter
Yuhushiella,Amycolatopsis,genus,https://lpsn.dsmz.de/genus/amycolatopsis
Planopolyspora,Catenuloplanes,genus,https://lpsn.dsmz.de/genus/catenuloplanes
Pseudopropionibacterium,Arachnia,genus,https://lpsn.dsmz.de/genus/arachnia
Kalamiella,Pantoea,genus,https://lpsn.dsmz.de/genus/pantoea
Pseudopelagicola,Shimia,genus,https://lpsn.dsmz.de/genus/shimia
Hemophilus,Haemophilus,genus,https://lpsn.dsmz.de/genus/haemophilus
Pleisomonas,Plesiomonas,genus,https://lpsn.dsmz.de/genus/plesiomonas
Novacetimonas,Komagataeibacter,genus,https://lpsn.dsmz.de/genus/komagataeibacter
Komagatabacter,Komagataeibacter,genus,https://lpsn.dsmz.de/genus/komagataeibacter
Thioalkalicoccus,Thialkalicoccus,genus,https://lpsn.dsmz.de/genus/thialkalicoccus
Teretinema,Treponema,genus,https://lpsn.dsmz.de/genus/treponema
Leadbettera,Treponema,genus,https://lpsn.dsmz.de/genus/treponema
Helmutkoenigia,Treponema,genus,https://lpsn.dsmz.de/genus/treponema
Zuelzera,Treponema,genus,https://lpsn.dsmz.de/genus/treponema
Trichloromonas,Desulfuromonas,genus,https://lpsn.dsmz.de/genus/desulfuromonas
Pseudodesulfuromonas,Desulfuromonas,genus,https://lpsn.dsmz.de/genus/desulfuromonas
Fluoribacter,Legionella,genus,https://lpsn.dsmz.de/genus/legionella
Sarcobium,Legionella,genus,https://lpsn.dsmz.de/genus/legionella
Tatlockia,Legionella,genus,https://lpsn.dsmz.de/genus/legionella
Mycolicibacterium,Mycobacterium,genus,https://lpsn.dsmz.de/genus/mycobacterium
Mycobacteroides,Mycobacterium,genus,https://lpsn.dsmz.de/genus/mycobacterium
Mycolicibacillus,Mycobacterium,genus,https://lpsn.dsmz.de/genus/mycobacterium
Mycolicibacter,Mycobacterium,genus,https://lpsn.dsmz.de/genus/mycobacterium
Petrobacter,Tepidiphilus,genus,https://lpsn.dsmz.de/genus/tepidiphilus
Flavirhabdus,Lacinutrix,genus,https://lpsn.dsmz.de/genus/lacinutrix
Frigididesulfovibrio,Desulfovibrio,genus,https://lpsn.dsmz.de/genus/desulfovibrio
Aminidesulfovibrio,Desulfovibrio,genus,https://lpsn.dsmz.de/genus/desulfovibrio
Frigididesulfovibrio,Desulfovibrio,genus,https://lpsn.dsmz.de/genus/desulfovibrio
Aminidesulfovibrio,Desulfovibrio,genus,https://lpsn.dsmz.de/genus/desulfovibrio
Alteridesulfovibrio,Desulfovibrio,genus,https://lpsn.dsmz.de/genus/desulfovibrio
Alteridesulfovibrio,Desulfovibrio,genus,https://lpsn.dsmz.de/genus/desulfovibrio
Psychrodesulfovibrio,Desulfovibrio,genus,https://lpsn.dsmz.de/genus/desulfovibrio
Desulfomonas,Desulfovibrio,genus,https://lpsn.dsmz.de/genus/desulfovibrio
Nitratidesulfovibrio,Desulfovibrio,genus,https://lpsn.dsmz.de/genus/desulfovibrio
Anulomyces,Mycoplasmopsis,genus,https://lpsn.dsmz.de/genus/mycoplasmopsis
Crabtreella,Shinella,genus,https://lpsn.dsmz.de/genus/shinella
Catenabacterium,Eggerthia,genus,https://lpsn.dsmz.de/genus/eggerthia
Ruoffia,Facklamia,genus,https://lpsn.dsmz.de/genus/facklamia
Falseniella,Facklamia,genus,https://lpsn.dsmz.de/genus/facklamia
Hutsoniella,Facklamia,genus,https://lpsn.dsmz.de/genus/facklamia
Halorubrobacterium,Halorubrum,genus,https://lpsn.dsmz.de/genus/halorubrum
Pseudocolwellia,Colwellia,genus,https://lpsn.dsmz.de/genus/colwellia
Cognaticolwellia,Colwellia,genus,https://lpsn.dsmz.de/genus/colwellia
Salinimonas,Alteromonas,genus,https://lpsn.dsmz.de/genus/alteromonas
Conchiformibius,Conchiformibium,genus,https://lpsn.dsmz.de/genus/conchiformibium
Labrenzia,Roseibium,genus,https://lpsn.dsmz.de/genus/roseibium
Litorimicrobium,Thalassobius,genus,https://lpsn.dsmz.de/genus/thalassobius
Pseudacidobacterium,Acidobacterium,genus,https://lpsn.dsmz.de/genus/acidobacterium
Gluconacetobacter,Gluconoacetobacter,genus,https://lpsn.dsmz.de/genus/gluconoacetobacter
Aminocella,Aminicella,genus,https://lpsn.dsmz.de/genus/aminicella
Pseudobacillus,Bacillus,genus,https://lpsn.dsmz.de/genus/bacillus
Quasibacillus,Bacillus,genus,https://lpsn.dsmz.de/genus/bacillus
Maribacillus,Bacillus,genus,https://lpsn.dsmz.de/genus/bacillus
Catabacter,Christensenella,genus,https://lpsn.dsmz.de/genus/christensenella
Catabacter,Christensenella,genus,https://lpsn.dsmz.de/genus/christensenella
Virgisporangium,Virgosporangium,genus,https://lpsn.dsmz.de/genus/virgosporangium
Dechlorosoma,Azospira,genus,https://lpsn.dsmz.de/genus/azospira
Miniphocibacter,Miniphocaeibacter,genus,https://lpsn.dsmz.de/genus/miniphocaeibacter
Miniphocibacter,Miniphocaeibacter,genus,https://lpsn.dsmz.de/genus/miniphocaeibacter
Actinobacterium,Actinomyces,genus,https://lpsn.dsmz.de/genus/actinomyces
Odontomyces,Actinomyces,genus,https://lpsn.dsmz.de/genus/actinomyces
Xuhuaishuia,Brevirhabdus,genus,https://lpsn.dsmz.de/genus/brevirhabdus
Algorimicrobium,Bizionia,genus,https://lpsn.dsmz.de/genus/bizionia
Byssophaga,Byssovorax,genus,https://lpsn.dsmz.de/genus/byssovorax
Dehalospirillum,Sulfurospirillum,genus,https://lpsn.dsmz.de/genus/sulfurospirillum
Thialkalivibrio,Thioalkalivibrio,genus,https://lpsn.dsmz.de/genus/thioalkalivibrio
Allopseudarcicella,Aquirufa,genus,https://lpsn.dsmz.de/genus/aquirufa
Halovarius,Natribaculum,genus,https://lpsn.dsmz.de/genus/natribaculum
Thermanaerosceptrum,Thermoanaerosceptrum,genus,https://lpsn.dsmz.de/genus/thermoanaerosceptrum
Nonomuraea,Nonomuria,genus,https://lpsn.dsmz.de/genus/nonomuria
Sebekia,Nonomuria,genus,https://lpsn.dsmz.de/genus/nonomuria
Xaviernesmea,Allorhizobium,genus,https://lpsn.dsmz.de/genus/allorhizobium
Salinirubrum,Salinarubrum,genus,https://lpsn.dsmz.de/genus/salinarubrum
Effluviibacter,Pontibacter,genus,https://lpsn.dsmz.de/genus/pontibacter
Nonhongiella,Pseudohongiella,genus,https://lpsn.dsmz.de/genus/pseudohongiella
Pararoseomonas,Muricoccus,genus,https://lpsn.dsmz.de/genus/muricoccus
Flagellimonas,Muricauda,genus,https://lpsn.dsmz.de/genus/muricauda
Spongiibacterium,Muricauda,genus,https://lpsn.dsmz.de/genus/muricauda
Bryantella,Marvinbryantia,genus,https://lpsn.dsmz.de/genus/marvinbryantia
Erysipelatoclostridium,Clostridium,genus,https://lpsn.dsmz.de/genus/clostridium
Tyzzerella,Clostridium,genus,https://lpsn.dsmz.de/genus/clostridium
Inflabilis,Clostridium,genus,https://lpsn.dsmz.de/genus/clostridium
Pseudoclostridium,Clostridium,genus,https://lpsn.dsmz.de/genus/clostridium
Anaerobacter,Clostridium,genus,https://lpsn.dsmz.de/genus/clostridium
Verticia,Verticiella,genus,https://lpsn.dsmz.de/genus/verticiella
Chimaereicella,Algoriphagus,genus,https://lpsn.dsmz.de/genus/algoriphagus
Hongiella,Algoriphagus,genus,https://lpsn.dsmz.de/genus/algoriphagus
Pirella,Pirellula,genus,https://lpsn.dsmz.de/genus/pirellula
Oceanitalea,Georgenia,genus,https://lpsn.dsmz.de/genus/georgenia
Falcivibrio,Mobiluncus,genus,https://lpsn.dsmz.de/genus/mobiluncus
Pseudoamycolata,Pseudonocardia,genus,https://lpsn.dsmz.de/genus/pseudonocardia
Amycolata,Pseudonocardia,genus,https://lpsn.dsmz.de/genus/pseudonocardia
Actinobispora,Pseudonocardia,genus,https://lpsn.dsmz.de/genus/pseudonocardia
Aliarcobacter,Arcobacter,genus,https://lpsn.dsmz.de/genus/arcobacter
Halarcobacter,Arcobacter,genus,https://lpsn.dsmz.de/genus/arcobacter
Malaciobacter,Arcobacter,genus,https://lpsn.dsmz.de/genus/arcobacter
Poseidonibacter,Arcobacter,genus,https://lpsn.dsmz.de/genus/arcobacter
Aliarcobacter,Arcobacter,genus,https://lpsn.dsmz.de/genus/arcobacter
Malacobacter,Arcobacter,genus,https://lpsn.dsmz.de/genus/arcobacter
Haloarcobacter,Arcobacter,genus,https://lpsn.dsmz.de/genus/arcobacter
Pseudoarcobacter,Arcobacter,genus,https://lpsn.dsmz.de/genus/arcobacter
Pseudarcobacter,Arcobacter,genus,https://lpsn.dsmz.de/genus/arcobacter
Desulfolucanica,Desulfolucianica,genus,https://lpsn.dsmz.de/genus/desulfolucianica
Lactosphaera,Trichococcus,genus,https://lpsn.dsmz.de/genus/trichococcus
Virgosporangium,Virgisporangium,genus,https://lpsn.dsmz.de/genus/virgisporangium
Melissococcus,Melisococcus,genus,https://lpsn.dsmz.de/genus/melisococcus
Rochalimaea,Bartonella,genus,https://lpsn.dsmz.de/genus/bartonella
Bartonia,Bartonella,genus,https://lpsn.dsmz.de/genus/bartonella
Grahamella,Bartonella,genus,https://lpsn.dsmz.de/genus/bartonella
Nemorella,Nemorincola,genus,https://lpsn.dsmz.de/genus/nemorincola
Alloactinosynnema,Actinokineospora,genus,https://lpsn.dsmz.de/genus/actinokineospora
Haemophilus,Hemophilus,genus,https://lpsn.dsmz.de/genus/hemophilus
Aliarcobacter,Malacobacter,genus,https://lpsn.dsmz.de/genus/malacobacter
Halarcobacter,Malacobacter,genus,https://lpsn.dsmz.de/genus/malacobacter
Arcobacter,Malacobacter,genus,https://lpsn.dsmz.de/genus/malacobacter
Malaciobacter,Malacobacter,genus,https://lpsn.dsmz.de/genus/malacobacter
Poseidonibacter,Malacobacter,genus,https://lpsn.dsmz.de/genus/malacobacter
Aliarcobacter,Malacobacter,genus,https://lpsn.dsmz.de/genus/malacobacter
Haloarcobacter,Malacobacter,genus,https://lpsn.dsmz.de/genus/malacobacter
Pseudoarcobacter,Malacobacter,genus,https://lpsn.dsmz.de/genus/malacobacter
Pseudarcobacter,Malacobacter,genus,https://lpsn.dsmz.de/genus/malacobacter
Aestuariicola,Lutimonas,genus,https://lpsn.dsmz.de/genus/lutimonas
Thermococcoides,Kosmotoga,genus,https://lpsn.dsmz.de/genus/kosmotoga
Stutzerimonas,Pseudomonas,genus,https://lpsn.dsmz.de/genus/pseudomonas
Serpens,Pseudomonas,genus,https://lpsn.dsmz.de/genus/pseudomonas
Flavimonas,Pseudomonas,genus,https://lpsn.dsmz.de/genus/pseudomonas
Aestuariisphingobium,Chakrabartia,genus,https://lpsn.dsmz.de/genus/chakrabartia
Abyssivirga,Vallitalea,genus,https://lpsn.dsmz.de/genus/vallitalea
Parapseudomonas,Atopomonas,genus,https://lpsn.dsmz.de/genus/atopomonas
Membranicola,Membranihabitans,genus,https://lpsn.dsmz.de/genus/membranihabitans
Halosarcina,Halogeometricum,genus,https://lpsn.dsmz.de/genus/halogeometricum
Koreibacter,Paraoerskovia,genus,https://lpsn.dsmz.de/genus/paraoerskovia
Aminicella,Aminocella,genus,https://lpsn.dsmz.de/genus/aminocella
Maribaculum,Henriciella,genus,https://lpsn.dsmz.de/genus/henriciella
Reichenbachia,Reichenbachiella,genus,https://lpsn.dsmz.de/genus/reichenbachiella
Haploangium,Polyangium,genus,https://lpsn.dsmz.de/genus/polyangium
Haploangium,Polyangium,genus,https://lpsn.dsmz.de/genus/polyangium
Hydrogeniiclostidium,Hydrogeniiclostridium,genus,https://lpsn.dsmz.de/genus/hydrogeniiclostridium
Haloactinobacterium,Ruania,genus,https://lpsn.dsmz.de/genus/ruania
Halopeptonella,Spiribacter,genus,https://lpsn.dsmz.de/genus/spiribacter
Nitrosolobus,Nitrosospira,genus,https://lpsn.dsmz.de/genus/nitrosospira
Pontirhabdus,Algibacter,genus,https://lpsn.dsmz.de/genus/algibacter
Desulfurolobus,Acidianus,genus,https://lpsn.dsmz.de/genus/acidianus
Thermoterrabacterium,Carboxydothermus,genus,https://lpsn.dsmz.de/genus/carboxydothermus
Metakosakonia,Phytobacter,genus,https://lpsn.dsmz.de/genus/phytobacter
Alkalidesulfovibrio,Desulfohalovibrio,genus,https://lpsn.dsmz.de/genus/desulfohalovibrio
Halosiccatus,Halomicrobium,genus,https://lpsn.dsmz.de/genus/halomicrobium
Pleomorpha,Geodermatophilus,genus,https://lpsn.dsmz.de/genus/geodermatophilus
Methanosaeta,Methanothrix,genus,https://lpsn.dsmz.de/genus/methanothrix
Donghaeana,Nonlabens,genus,https://lpsn.dsmz.de/genus/nonlabens
Persicivirga,Nonlabens,genus,https://lpsn.dsmz.de/genus/nonlabens
Sandarakinotalea,Nonlabens,genus,https://lpsn.dsmz.de/genus/nonlabens
Stenothermobacter,Nonlabens,genus,https://lpsn.dsmz.de/genus/nonlabens
Microcyclus,Ancylobacter,genus,https://lpsn.dsmz.de/genus/ancylobacter
Stenotrophomonas,Xanthomonas,genus,https://lpsn.dsmz.de/genus/xanthomonas
Hydrogeniiclostridium,Hydrogeniiclostidium,genus,https://lpsn.dsmz.de/genus/hydrogeniiclostidium
Sphaerosporangium,Sphaerisporangium,genus,https://lpsn.dsmz.de/genus/sphaerisporangium
Calymmatobacterium,Klebsiella,genus,https://lpsn.dsmz.de/genus/klebsiella
Krokinobacter,Dokdonia,genus,https://lpsn.dsmz.de/genus/dokdonia
Oribaculum,Porphyromonas,genus,https://lpsn.dsmz.de/genus/porphyromonas
Alteracholeplasma,Acholeplasma,genus,https://lpsn.dsmz.de/genus/acholeplasma
Paracholeplasma,Acholeplasma,genus,https://lpsn.dsmz.de/genus/acholeplasma
Haploplasma,Acholeplasma,genus,https://lpsn.dsmz.de/genus/acholeplasma
Tullyiplasma,Acholeplasma,genus,https://lpsn.dsmz.de/genus/acholeplasma
Sapromyces,Acholeplasma,genus,https://lpsn.dsmz.de/genus/acholeplasma
Balneimonas,Balneomonas,genus,https://lpsn.dsmz.de/genus/balneomonas
Microvirga,Balneomonas,genus,https://lpsn.dsmz.de/genus/balneomonas
Paradonghicola,Marivivens,genus,https://lpsn.dsmz.de/genus/marivivens
Leyella,Prevotella,genus,https://lpsn.dsmz.de/genus/prevotella
Hoylesella,Prevotella,genus,https://lpsn.dsmz.de/genus/prevotella
Xylanibacter,Prevotella,genus,https://lpsn.dsmz.de/genus/prevotella
Goodfellowia,Goodfellowiella,genus,https://lpsn.dsmz.de/genus/goodfellowiella
Spelaeibacter,Rhodococcus,genus,https://lpsn.dsmz.de/genus/rhodococcus
Prescottella,Rhodococcus,genus,https://lpsn.dsmz.de/genus/rhodococcus
Prescottella,Rhodococcus,genus,https://lpsn.dsmz.de/genus/rhodococcus
Prescottia,Rhodococcus,genus,https://lpsn.dsmz.de/genus/rhodococcus
Alkalimicrobium,Mameliella,genus,https://lpsn.dsmz.de/genus/mameliella
Meganema,Neomegalonema,genus,https://lpsn.dsmz.de/genus/neomegalonema
Thermalkalibacillus,Caldalkalibacillus,genus,https://lpsn.dsmz.de/genus/caldalkalibacillus
Gaetbulimicrobium,Aquimarina,genus,https://lpsn.dsmz.de/genus/aquimarina
Stanierella,Aquimarina,genus,https://lpsn.dsmz.de/genus/aquimarina
Aspromonas,Arenimonas,genus,https://lpsn.dsmz.de/genus/arenimonas
Oligotropha,Afipia,genus,https://lpsn.dsmz.de/genus/afipia
Flaviaesturariibacter,Flaviaestuariibacter,genus,https://lpsn.dsmz.de/genus/flaviaestuariibacter
Aliioceanicola,Pseudooceanicola,genus,https://lpsn.dsmz.de/genus/pseudooceanicola
Trujillonella,Blastococcus,genus,https://lpsn.dsmz.de/genus/blastococcus
Sinorhizobium,Ensifer,genus,https://lpsn.dsmz.de/genus/ensifer
Pacificimonas,Pacificamonas,genus,https://lpsn.dsmz.de/genus/pacificamonas
Micropolyspora,Nocardia,genus,https://lpsn.dsmz.de/genus/nocardia
Miniphocaeibacter,Miniphocibacter,genus,https://lpsn.dsmz.de/genus/miniphocibacter-1
Jahnella,Jahnia,genus,https://lpsn.dsmz.de/genus/jahnia
Sporotalea,Pelosinus,genus,https://lpsn.dsmz.de/genus/pelosinus
Hongia,Kribbella,genus,https://lpsn.dsmz.de/genus/kribbella
Spongiactinospora,Desertiactinospora,genus,https://lpsn.dsmz.de/genus/desertiactinospora
Desertactinospora,Desertiactinospora,genus,https://lpsn.dsmz.de/genus/desertiactinospora
Xylanimicrobium,Xylanimonas,genus,https://lpsn.dsmz.de/genus/xylanimonas
Xylanibacterium,Xylanimonas,genus,https://lpsn.dsmz.de/genus/xylanimonas
Conchiformibium,Conchiformibius,genus,https://lpsn.dsmz.de/genus/conchiformibius
Pseudosphingobacterium,Olivibacter,genus,https://lpsn.dsmz.de/genus/olivibacter
Marinibacillus,Jeotgalibacillus,genus,https://lpsn.dsmz.de/genus/jeotgalibacillus
Wangia,Zunongwangia,genus,https://lpsn.dsmz.de/genus/zunongwangia
Microsphaera,Nakamurella,genus,https://lpsn.dsmz.de/genus/nakamurella
Humicoccus,Nakamurella,genus,https://lpsn.dsmz.de/genus/nakamurella
Saxeibacter,Nakamurella,genus,https://lpsn.dsmz.de/genus/nakamurella
Pyxicoccus,Pyxidicoccus,genus,https://lpsn.dsmz.de/genus/pyxidicoccus
Desulfolucianica,Desulfolucanica,genus,https://lpsn.dsmz.de/genus/desulfolucanica
Sebekia,Nonomuraea,genus,https://lpsn.dsmz.de/genus/nonomuraea
Nonomuria,Nonomuraea,genus,https://lpsn.dsmz.de/genus/nonomuraea
Metascardovia,Alloscardovia,genus,https://lpsn.dsmz.de/genus/alloscardovia
Balneimonas,Microvirga,genus,https://lpsn.dsmz.de/genus/microvirga
Balneomonas,Microvirga,genus,https://lpsn.dsmz.de/genus/microvirga
Melitea,Spongiibacter,genus,https://lpsn.dsmz.de/genus/spongiibacter
Microellobosporia,Streptomyces,genus,https://lpsn.dsmz.de/genus/streptomyces
Kitasatoa,Streptomyces,genus,https://lpsn.dsmz.de/genus/streptomyces
Chainia,Streptomyces,genus,https://lpsn.dsmz.de/genus/streptomyces
Streptoverticillium,Streptomyces,genus,https://lpsn.dsmz.de/genus/streptomyces
Elytrosporangium,Streptomyces,genus,https://lpsn.dsmz.de/genus/streptomyces
Actinacidiphila,Streptomyces,genus,https://lpsn.dsmz.de/genus/streptomyces
Actinopycnidium,Streptomyces,genus,https://lpsn.dsmz.de/genus/streptomyces
Actinosporangium,Streptomyces,genus,https://lpsn.dsmz.de/genus/streptomyces
Carbonactinospora,Streptomyces,genus,https://lpsn.dsmz.de/genus/streptomyces
Microechinospora,Streptomyces,genus,https://lpsn.dsmz.de/genus/streptomyces
Indiella,Streptomyces,genus,https://lpsn.dsmz.de/genus/streptomyces
Peteryoungia,Rhizobium,genus,https://lpsn.dsmz.de/genus/rhizobium
Thioalkalivibrio,Thialkalivibrio,genus,https://lpsn.dsmz.de/genus/thialkalivibrio
Streptimonospora,Streptomonospora,genus,https://lpsn.dsmz.de/genus/streptomonospora
Caespitibacter,Pseudoclavibacter,genus,https://lpsn.dsmz.de/genus/pseudoclavibacter
Zimmermannella,Pseudoclavibacter,genus,https://lpsn.dsmz.de/genus/pseudoclavibacter
Bieblia,Phaeovulum,genus,https://lpsn.dsmz.de/genus/phaeovulum
Thioalkalimicrobium,Thialkalimicrobium,genus,https://lpsn.dsmz.de/genus/thialkalimicrobium
Thiomicrospira,Thialkalimicrobium,genus,https://lpsn.dsmz.de/genus/thialkalimicrobium
Thialkalicoccus,Thioalkalicoccus,genus,https://lpsn.dsmz.de/genus/thioalkalicoccus
Sinococcus,Sinobaca,genus,https://lpsn.dsmz.de/genus/sinobaca
Capsularis,Bacteroides,genus,https://lpsn.dsmz.de/genus/bacteroides
Cloaca,Enterobacter,genus,https://lpsn.dsmz.de/genus/enterobacter
Chryseoglobus,Microcella,genus,https://lpsn.dsmz.de/genus/microcella
Yonghaparkia,Microcella,genus,https://lpsn.dsmz.de/genus/microcella
Lechevalieria,Lentzea,genus,https://lpsn.dsmz.de/genus/lentzea
Levinea,Citrobacter,genus,https://lpsn.dsmz.de/genus/citrobacter
Bacteriolyticum,Bacteriovorax,genus,https://lpsn.dsmz.de/genus/bacteriovorax
Alcalilimnicola,Alkalilimnicola,genus,https://lpsn.dsmz.de/genus/alkalilimnicola
Chromocurvus,Chromatocurvus,genus,https://lpsn.dsmz.de/genus/chromatocurvus
Gordona,Gordonia,genus,https://lpsn.dsmz.de/genus/gordonia
Gordona,Gordonia,genus,https://lpsn.dsmz.de/genus/gordonia
Edwardiiplasma,Mesoplasma,genus,https://lpsn.dsmz.de/genus/mesoplasma
Phycicola,Microterricola,genus,https://lpsn.dsmz.de/genus/microterricola
Schmidlea,Chlorobium,genus,https://lpsn.dsmz.de/genus/chlorobium
Betabacterium,Levilactobacillus,genus,https://lpsn.dsmz.de/genus/levilactobacillus
Sphaerisporangium,Sphaerosporangium,genus,https://lpsn.dsmz.de/genus/sphaerosporangium
Neopararhizobium,Pararhizobium,genus,https://lpsn.dsmz.de/genus/pararhizobium
Kitasatospora,Kitasatosporia,genus,https://lpsn.dsmz.de/genus/kitasatosporia
Amycolicicoccus,Hoyosella,genus,https://lpsn.dsmz.de/genus/hoyosella
Labilibacter,Saccharicrinis,genus,https://lpsn.dsmz.de/genus/saccharicrinis
Micromonas,Parvimonas,genus,https://lpsn.dsmz.de/genus/parvimonas
Ktedonobacter,Ktedobacter,genus,https://lpsn.dsmz.de/genus/ktedobacter
Melisococcus,Melissococcus,genus,https://lpsn.dsmz.de/genus/melissococcus
Lucibacterium,Vibrio,genus,https://lpsn.dsmz.de/genus/vibrio
Allomonas,Vibrio,genus,https://lpsn.dsmz.de/genus/vibrio
Beneckea,Vibrio,genus,https://lpsn.dsmz.de/genus/vibrio
Paraglycomyces,Salininema,genus,https://lpsn.dsmz.de/genus/salininema
Kaistella,Chryseobacterium,genus,https://lpsn.dsmz.de/genus/chryseobacterium
Soonwooa,Chryseobacterium,genus,https://lpsn.dsmz.de/genus/chryseobacterium
Halpernia,Chryseobacterium,genus,https://lpsn.dsmz.de/genus/chryseobacterium
Epilithonimonas,Chryseobacterium,genus,https://lpsn.dsmz.de/genus/chryseobacterium
Planobacterium,Chryseobacterium,genus,https://lpsn.dsmz.de/genus/chryseobacterium
Sejongia,Chryseobacterium,genus,https://lpsn.dsmz.de/genus/chryseobacterium
Thalassobacter,Jannaschia,genus,https://lpsn.dsmz.de/genus/jannaschia
Neolewinella,Lewinella,genus,https://lpsn.dsmz.de/genus/lewinella
Haloincola,Halanaerobium,genus,https://lpsn.dsmz.de/genus/halanaerobium
Haloanaerobium,Halanaerobium,genus,https://lpsn.dsmz.de/genus/halanaerobium
Chromatocurvus,Chromocurvus,genus,https://lpsn.dsmz.de/genus/chromocurvus
Diplorickettsia,Rickettsiella,genus,https://lpsn.dsmz.de/genus/rickettsiella
Vitellibacter,Aequorivita,genus,https://lpsn.dsmz.de/genus/aequorivita
Turneria,Turneriella,genus,https://lpsn.dsmz.de/genus/turneriella
Halanaerobacter,Haloanaerobacter,genus,https://lpsn.dsmz.de/genus/haloanaerobacter
Senegalimassilia,Senegalemassilia,genus,https://lpsn.dsmz.de/genus/senegalemassilia
Luteovulum,Cereibacter,genus,https://lpsn.dsmz.de/genus/cereibacter
Thiothece,Thiocystis,genus,https://lpsn.dsmz.de/genus/thiocystis
Confluentimicrobium,Actibacterium,genus,https://lpsn.dsmz.de/genus/actibacterium
Salibacillus,Virgibacillus,genus,https://lpsn.dsmz.de/genus/virgibacillus
Vasilyevaea,Devosia,genus,https://lpsn.dsmz.de/genus/devosia
Atlantibacter,Escherichia,genus,https://lpsn.dsmz.de/genus/escherichia
Frondicola,Frondihabitans,genus,https://lpsn.dsmz.de/genus/frondihabitans
Monashia,Intrasporangium,genus,https://lpsn.dsmz.de/genus/intrasporangium
Humihabitans,Intrasporangium,genus,https://lpsn.dsmz.de/genus/intrasporangium
Fundibacter,Alcanivorax,genus,https://lpsn.dsmz.de/genus/alcanivorax
Allopontixanthobacter,Pontixanthobacter,genus,https://lpsn.dsmz.de/genus/pontixanthobacter
Pseudopontixanthobacter,Pontixanthobacter,genus,https://lpsn.dsmz.de/genus/pontixanthobacter
Paraoceanicella,Paroceanicella,genus,https://lpsn.dsmz.de/genus/paroceanicella
Carbophilus,Aminobacter,genus,https://lpsn.dsmz.de/genus/aminobacter
Chelatobacter,Aminobacter,genus,https://lpsn.dsmz.de/genus/aminobacter
Jahnia,Jahnella,genus,https://lpsn.dsmz.de/genus/jahnella
Geomobilibacter,Geobacter,genus,https://lpsn.dsmz.de/genus/geobacter
Excellospora,Actinomadura,genus,https://lpsn.dsmz.de/genus/actinomadura
Pleomorphobacterium,Oceanicella,genus,https://lpsn.dsmz.de/genus/oceanicella
Aliamphritea,Amphritea,genus,https://lpsn.dsmz.de/genus/amphritea
Natronoincola,Natronincola,genus,https://lpsn.dsmz.de/genus/natronincola
Neopseudomonas,Halopseudomonas,genus,https://lpsn.dsmz.de/genus/halopseudomonas
Zymobacterium,Faecalicatena,genus,https://lpsn.dsmz.de/genus/faecalicatena
Pacificamonas,Pacificimonas,genus,https://lpsn.dsmz.de/genus/pacificimonas
Koserella,Yokenella,genus,https://lpsn.dsmz.de/genus/yokenella
Desertiactinospora,Spongiactinospora,genus,https://lpsn.dsmz.de/genus/spongiactinospora
Desertactinospora,Spongiactinospora,genus,https://lpsn.dsmz.de/genus/spongiactinospora
Hwanghaeicola,Palleronia,genus,https://lpsn.dsmz.de/genus/palleronia
Maribius,Palleronia,genus,https://lpsn.dsmz.de/genus/palleronia
Halalkalibacterium,Halalkalibaculum,genus,https://lpsn.dsmz.de/genus/halalkalibaculum
Tamlicoccus,Barrientosiimonas,genus,https://lpsn.dsmz.de/genus/barrientosiimonas
Methanomicrococcus,Methanimicrococcus,genus,https://lpsn.dsmz.de/genus/methanimicrococcus
Levispirillum,Novispirillum,genus,https://lpsn.dsmz.de/genus/novispirillum
Gaetbulicola,Marivita,genus,https://lpsn.dsmz.de/genus/marivita
Filibacter,Sporosarcina,genus,https://lpsn.dsmz.de/genus/sporosarcina
Silicibacter,Ruegeria,genus,https://lpsn.dsmz.de/genus/ruegeria
Falsiruegeria,Ruegeria,genus,https://lpsn.dsmz.de/genus/ruegeria
Pseudochryseolinea,Chryseolinea,genus,https://lpsn.dsmz.de/genus/chryseolinea
Plastoroseomonas,Roseomonas,genus,https://lpsn.dsmz.de/genus/roseomonas
Falsiroseomonas,Roseomonas,genus,https://lpsn.dsmz.de/genus/roseomonas
Pseudoroseomonas,Roseomonas,genus,https://lpsn.dsmz.de/genus/roseomonas
Neoroseomonas,Roseomonas,genus,https://lpsn.dsmz.de/genus/roseomonas
Teichococcus,Roseomonas,genus,https://lpsn.dsmz.de/genus/roseomonas
Paeniroseomonas,Roseomonas,genus,https://lpsn.dsmz.de/genus/roseomonas
Branhamella,Moraxella,genus,https://lpsn.dsmz.de/genus/moraxella
Sinorhodobacter,Sinirhodobacter,genus,https://lpsn.dsmz.de/genus/sinirhodobacter
Parafannyhessea,Olsenella,genus,https://lpsn.dsmz.de/genus/olsenella
Naxibacter,Massilia,genus,https://lpsn.dsmz.de/genus/massilia
Aliarcobacter,Pseudoarcobacter,genus,https://lpsn.dsmz.de/genus/pseudoarcobacter
Halarcobacter,Pseudoarcobacter,genus,https://lpsn.dsmz.de/genus/pseudoarcobacter
Arcobacter,Pseudoarcobacter,genus,https://lpsn.dsmz.de/genus/pseudoarcobacter
Malaciobacter,Pseudoarcobacter,genus,https://lpsn.dsmz.de/genus/pseudoarcobacter
Poseidonibacter,Pseudoarcobacter,genus,https://lpsn.dsmz.de/genus/pseudoarcobacter
Aliarcobacter,Pseudoarcobacter,genus,https://lpsn.dsmz.de/genus/pseudoarcobacter
Malacobacter,Pseudoarcobacter,genus,https://lpsn.dsmz.de/genus/pseudoarcobacter
Haloarcobacter,Pseudoarcobacter,genus,https://lpsn.dsmz.de/genus/pseudoarcobacter
Pseudarcobacter,Pseudoarcobacter,genus,https://lpsn.dsmz.de/genus/pseudoarcobacter
Kitasatosporia,Kitasatospora,genus,https://lpsn.dsmz.de/genus/kitasatospora
Parasphaerochaeta,Sphaerochaeta,genus,https://lpsn.dsmz.de/genus/sphaerochaeta
Plesiomonas,Pleisomonas,genus,https://lpsn.dsmz.de/genus/pleisomonas
Zhangella,Maritalea,genus,https://lpsn.dsmz.de/genus/maritalea
Brevilactibacter,Propioniciclava,genus,https://lpsn.dsmz.de/genus/propioniciclava
Pelczaria,Kocuria,genus,https://lpsn.dsmz.de/genus/kocuria
Streptomonospora,Streptimonospora,genus,https://lpsn.dsmz.de/genus/streptimonospora
Pyxidicoccus,Pyxicoccus,genus,https://lpsn.dsmz.de/genus/pyxicoccus
Aliarcobacter,Haloarcobacter,genus,https://lpsn.dsmz.de/genus/haloarcobacter
Halarcobacter,Haloarcobacter,genus,https://lpsn.dsmz.de/genus/haloarcobacter
Arcobacter,Haloarcobacter,genus,https://lpsn.dsmz.de/genus/haloarcobacter
Malaciobacter,Haloarcobacter,genus,https://lpsn.dsmz.de/genus/haloarcobacter
Poseidonibacter,Haloarcobacter,genus,https://lpsn.dsmz.de/genus/haloarcobacter
Aliarcobacter,Haloarcobacter,genus,https://lpsn.dsmz.de/genus/haloarcobacter
Malacobacter,Haloarcobacter,genus,https://lpsn.dsmz.de/genus/haloarcobacter
Pseudoarcobacter,Haloarcobacter,genus,https://lpsn.dsmz.de/genus/haloarcobacter
Pseudarcobacter,Haloarcobacter,genus,https://lpsn.dsmz.de/genus/haloarcobacter
Auricoccus,Abyssicoccus,genus,https://lpsn.dsmz.de/genus/abyssicoccus
Vibrionimonas,Sediminibacterium,genus,https://lpsn.dsmz.de/genus/sediminibacterium
Asinibacterium,Sediminibacterium,genus,https://lpsn.dsmz.de/genus/sediminibacterium
Angiococcus,Archangium,genus,https://lpsn.dsmz.de/genus/archangium
Borreliella,Borrelia,genus,https://lpsn.dsmz.de/genus/borrelia
Caenibacterium,Schlegelella,genus,https://lpsn.dsmz.de/genus/schlegelella
Thermovum,Chelativorans,genus,https://lpsn.dsmz.de/genus/chelativorans
Fuerstia,Fuerstiella,genus,https://lpsn.dsmz.de/genus/fuerstiella
Defluviicoccus,Defluvicoccus,genus,https://lpsn.dsmz.de/genus/defluvicoccus
Gordonia,Gordona,genus,https://lpsn.dsmz.de/genus/gordona
Crenotalea,Thermoflavifilum,genus,https://lpsn.dsmz.de/genus/thermoflavifilum
Thioalkalimicrobium,Thiomicrospira,genus,https://lpsn.dsmz.de/genus/thiomicrospira
Thialkalimicrobium,Thiomicrospira,genus,https://lpsn.dsmz.de/genus/thiomicrospira
Caedimonas,Caedibacter,genus,https://lpsn.dsmz.de/genus/caedibacter
Alkalilimnicola,Alcalilimnicola,genus,https://lpsn.dsmz.de/genus/alcalilimnicola
Ktedobacter,Ktedonobacter,genus,https://lpsn.dsmz.de/genus/ktedonobacter
Cowdria,Ehrlichia,genus,https://lpsn.dsmz.de/genus/ehrlichia
Wagnerdoeblera,Gemmobacter,genus,https://lpsn.dsmz.de/genus/gemmobacter
Catellibacterium,Gemmobacter,genus,https://lpsn.dsmz.de/genus/gemmobacter
Falsigemmobacter,Gemmobacter,genus,https://lpsn.dsmz.de/genus/gemmobacter
Ochrobactrum,Brucella,genus,https://lpsn.dsmz.de/genus/brucella
Acetanaerobacter,Acetivibrio,genus,https://lpsn.dsmz.de/genus/acetivibrio
Herbivorax,Acetivibrio,genus,https://lpsn.dsmz.de/genus/acetivibrio
Hungateiclostridium,Acetivibrio,genus,https://lpsn.dsmz.de/genus/acetivibrio
Serpula,Brachyspira,genus,https://lpsn.dsmz.de/genus/brachyspira
Serpulina,Brachyspira,genus,https://lpsn.dsmz.de/genus/brachyspira
Nautella,Phaeobacter,genus,https://lpsn.dsmz.de/genus/phaeobacter
Tetrathiobacter,Advenella,genus,https://lpsn.dsmz.de/genus/advenella
Mabikibacter,Notoacmeibacter,genus,https://lpsn.dsmz.de/genus/notoacmeibacter
Pelagibacillus,Terribacillus,genus,https://lpsn.dsmz.de/genus/terribacillus
Suipraeoptans,Suipraoptans,genus,https://lpsn.dsmz.de/genus/suipraoptans
Bowdenia,Bowdeniella,genus,https://lpsn.dsmz.de/genus/bowdeniella
Friedmanniella,Microlunatus,genus,https://lpsn.dsmz.de/genus/microlunatus
Schizoplasma,Mycoplasmoides,genus,https://lpsn.dsmz.de/genus/mycoplasmoides
Calderobacterium,Hydrogenobacter,genus,https://lpsn.dsmz.de/genus/hydrogenobacter
Protomonas,Methylorubrum,genus,https://lpsn.dsmz.de/genus/methylorubrum
Pseudoroseovarius,Aliiroseovarius,genus,https://lpsn.dsmz.de/genus/aliiroseovarius
Phaeacidiphilus,Streptacidiphilus,genus,https://lpsn.dsmz.de/genus/streptacidiphilus
Mzabimyces,Halopolyspora,genus,https://lpsn.dsmz.de/genus/halopolyspora
Thermoanaerosceptrum,Thermanaerosceptrum,genus,https://lpsn.dsmz.de/genus/thermanaerosceptrum
Allomeiothermus,Meiothermus,genus,https://lpsn.dsmz.de/genus/meiothermus
Jishengella,Micromonospora,genus,https://lpsn.dsmz.de/genus/micromonospora
Xiangella,Micromonospora,genus,https://lpsn.dsmz.de/genus/micromonospora
Verrucosispora,Micromonospora,genus,https://lpsn.dsmz.de/genus/micromonospora
Larsenia,Larsenimonas,genus,https://lpsn.dsmz.de/genus/larsenimonas
Oceanimonas,Oceanomonas,genus,https://lpsn.dsmz.de/genus/oceanomonas
Zunongwangia,Wangia,genus,https://lpsn.dsmz.de/genus/wangia
Gluconoacetobacter,Gluconacetobacter,genus,https://lpsn.dsmz.de/genus/gluconacetobacter
Defluvicoccus,Defluviicoccus,genus,https://lpsn.dsmz.de/genus/defluviicoccus
Methanimicrococcus,Methanomicrococcus,genus,https://lpsn.dsmz.de/genus/methanomicrococcus
Chondrococcus,Corallococcus,genus,https://lpsn.dsmz.de/genus/corallococcus
Prosthecodimorpha,Prosthecomicrobium,genus,https://lpsn.dsmz.de/genus/prosthecomicrobium
Aureobacterium,Microbacterium,genus,https://lpsn.dsmz.de/genus/microbacterium
Propionibacter,Propionivibrio,genus,https://lpsn.dsmz.de/genus/propionivibrio
Sinirhodobacter,Sinorhodobacter,genus,https://lpsn.dsmz.de/genus/sinorhodobacter
Pseudotabrizicola,Tabrizicola,genus,https://lpsn.dsmz.de/genus/tabrizicola
Flaviaestuariibacter,Flaviaesturariibacter,genus,https://lpsn.dsmz.de/genus/flaviaesturariibacter
Coralslurrinella,Corallincola,genus,https://lpsn.dsmz.de/genus/corallincola
Nesiotobacter,Pseudovibrio,genus,https://lpsn.dsmz.de/genus/pseudovibrio
Polycladidibacter,Pseudovibrio,genus,https://lpsn.dsmz.de/genus/pseudovibrio
Sinobacter,Solimonas,genus,https://lpsn.dsmz.de/genus/solimonas
Singularimonas,Solimonas,genus,https://lpsn.dsmz.de/genus/solimonas
Haloanaerobacter,Halanaerobacter,genus,https://lpsn.dsmz.de/genus/halanaerobacter
Actinobifida,Thermoflavimicrobium,genus,https://lpsn.dsmz.de/genus/thermoflavimicrobium
Paroceanicella,Paraoceanicella,genus,https://lpsn.dsmz.de/genus/paraoceanicella
Pararheinheimera,Rheinheimera,genus,https://lpsn.dsmz.de/genus/rheinheimera
Quadricoccus,Quatrionicoccus,genus,https://lpsn.dsmz.de/genus/quatrionicoccus
Maricoccus,Oceanococcus,genus,https://lpsn.dsmz.de/genus/oceanococcus
Agromonas,Bradyrhizobium,genus,https://lpsn.dsmz.de/genus/bradyrhizobium
Rhodothece,Thiocapsa,genus,https://lpsn.dsmz.de/genus/thiocapsa
Amoebobacter,Thiocapsa,genus,https://lpsn.dsmz.de/genus/thiocapsa
Stagnihabitans,Rhodobacter,genus,https://lpsn.dsmz.de/genus/rhodobacter
Defluvibacter,Aquamicrobium,genus,https://lpsn.dsmz.de/genus/aquamicrobium
Zymosarcina,Sarcina,genus,https://lpsn.dsmz.de/genus/sarcina
Oceanibulbus,Sulfitobacter,genus,https://lpsn.dsmz.de/genus/sulfitobacter
Staleya,Sulfitobacter,genus,https://lpsn.dsmz.de/genus/sulfitobacter
Ancyromonas,Selenomonas,genus,https://lpsn.dsmz.de/genus/selenomonas
Carboxydibrachium,Carboxydobrachium,genus,https://lpsn.dsmz.de/genus/carboxydobrachium
Schleiferella,Peptoniphilus,genus,https://lpsn.dsmz.de/genus/peptoniphilus
Rhizomonas,Rhizorhapis,genus,https://lpsn.dsmz.de/genus/rhizorhapis
Elkelangia,Novosphingopyxis,genus,https://lpsn.dsmz.de/genus/novosphingopyxis
Ferdinandcohnia,Fredinandcohnia,genus,https://lpsn.dsmz.de/genus/fredinandcohnia
Pfennigia,Lamprocystis,genus,https://lpsn.dsmz.de/genus/lamprocystis
Aliiruegeria,Pseudoruegeria,genus,https://lpsn.dsmz.de/genus/pseudoruegeria
Fabibacter,Roseivirga,genus,https://lpsn.dsmz.de/genus/roseivirga
Fabivirga,Roseivirga,genus,https://lpsn.dsmz.de/genus/roseivirga
Marinicola,Roseivirga,genus,https://lpsn.dsmz.de/genus/roseivirga
Volcaniella,Halomonas,genus,https://lpsn.dsmz.de/genus/halomonas
Deleya,Halomonas,genus,https://lpsn.dsmz.de/genus/halomonas
Senegalemassilia,Senegalimassilia,genus,https://lpsn.dsmz.de/genus/senegalimassilia
Albidoferax,Albidiferax,genus,https://lpsn.dsmz.de/genus/albidiferax
Deinobacter,Deinococcus,genus,https://lpsn.dsmz.de/genus/deinococcus
Heliobacillus,Heliobacterium,genus,https://lpsn.dsmz.de/genus/heliobacterium
Parahymenobacter,Hymenobacter,genus,https://lpsn.dsmz.de/genus/hymenobacter
Ampullaria,Actinoplanes,genus,https://lpsn.dsmz.de/genus/actinoplanes
Ampullariella,Actinoplanes,genus,https://lpsn.dsmz.de/genus/actinoplanes
Amorphosporangium,Actinoplanes,genus,https://lpsn.dsmz.de/genus/actinoplanes
Sinisalibacter,Maritimibacter,genus,https://lpsn.dsmz.de/genus/maritimibacter
Pimelobacter,Nocardioides,genus,https://lpsn.dsmz.de/genus/nocardioides
Phaeospirillum,Magnetospirillum,genus,https://lpsn.dsmz.de/genus/magnetospirillum
Citrifermentans,Geomonas,genus,https://lpsn.dsmz.de/genus/geomonas
Arboricoccus,Arboriscoccus,genus,https://lpsn.dsmz.de/genus/arboriscoccus
Bowdeniella,Bowdenia,genus,https://lpsn.dsmz.de/genus/bowdenia
Actinaurispora,Plantactinospora,genus,https://lpsn.dsmz.de/genus/plantactinospora
Thermobacteroides,Thermoanaerobacter,genus,https://lpsn.dsmz.de/genus/thermoanaerobacter
Acetogenium,Thermoanaerobacter,genus,https://lpsn.dsmz.de/genus/thermoanaerobacter
Thermoanaerobium,Thermoanaerobacter,genus,https://lpsn.dsmz.de/genus/thermoanaerobacter
Protofrankia,Frankia,genus,https://lpsn.dsmz.de/genus/frankia
Pseudofrankia,Frankia,genus,https://lpsn.dsmz.de/genus/frankia
Parafrankia,Frankia,genus,https://lpsn.dsmz.de/genus/frankia
Suipraoptans,Suipraeoptans,genus,https://lpsn.dsmz.de/genus/suipraeoptans
Natronincola,Natronoincola,genus,https://lpsn.dsmz.de/genus/natronoincola
Huaishuia,Celeribacter,genus,https://lpsn.dsmz.de/genus/celeribacter
Vadicella,Celeribacter,genus,https://lpsn.dsmz.de/genus/celeribacter
Pusillimonas,Pusillibacter,genus,https://lpsn.dsmz.de/genus/pusillibacter
Dermacentroxenus,Rickettsia,genus,https://lpsn.dsmz.de/genus/rickettsia
Qingshengfania,Pseudochelatococcus,genus,https://lpsn.dsmz.de/genus/pseudochelatococcus
Yania,Yaniella,genus,https://lpsn.dsmz.de/genus/yaniella
Oceanomonas,Oceanimonas,genus,https://lpsn.dsmz.de/genus/oceanimonas
Massilimaliae,Massiliimalia,genus,https://lpsn.dsmz.de/genus/massiliimalia
Marinivirga,Hyunsoonleella,genus,https://lpsn.dsmz.de/genus/hyunsoonleella
Chlamydophila,Chlamydia,genus,https://lpsn.dsmz.de/genus/chlamydia
Schineria,Ignatzschineria,genus,https://lpsn.dsmz.de/genus/ignatzschineria
Bacterionema,Corynebacterium,genus,https://lpsn.dsmz.de/genus/corynebacterium
Turicella,Corynebacterium,genus,https://lpsn.dsmz.de/genus/corynebacterium
Caseobacter,Corynebacterium,genus,https://lpsn.dsmz.de/genus/corynebacterium
Pseudopelobacter,Pelobacter,genus,https://lpsn.dsmz.de/genus/pelobacter
Seleniibacterium,Pelobacter,genus,https://lpsn.dsmz.de/genus/pelobacter
Erythromonas,Blastomonas,genus,https://lpsn.dsmz.de/genus/blastomonas
Sheuella,Orrella,genus,https://lpsn.dsmz.de/genus/orrella
Algicoccus,Orrella,genus,https://lpsn.dsmz.de/genus/orrella
Halanaerobium,Haloanaerobium,genus,https://lpsn.dsmz.de/genus/haloanaerobium
Haloincola,Haloanaerobium,genus,https://lpsn.dsmz.de/genus/haloanaerobium
Albidiferax,Albidoferax,genus,https://lpsn.dsmz.de/genus/albidoferax
Falsihalocynthiibacter,Halocynthiibacter,genus,https://lpsn.dsmz.de/genus/halocynthiibacter
Maripseudobacter,Maribacter,genus,https://lpsn.dsmz.de/genus/maribacter
Desulfomusa,Desulfofaba,genus,https://lpsn.dsmz.de/genus/desulfofaba
Stomatococcus,Rothia,genus,https://lpsn.dsmz.de/genus/rothia
Faenia,Saccharopolyspora,genus,https://lpsn.dsmz.de/genus/saccharopolyspora
Parvibacter,Adlercreutzia,genus,https://lpsn.dsmz.de/genus/adlercreutzia
Enterorhabdus,Adlercreutzia,genus,https://lpsn.dsmz.de/genus/adlercreutzia
Fredinandcohnia,Ferdinandcohnia,genus,https://lpsn.dsmz.de/genus/ferdinandcohnia
Citreicella,Salipiger,genus,https://lpsn.dsmz.de/genus/salipiger
Thiobacimonas,Salipiger,genus,https://lpsn.dsmz.de/genus/salipiger
Pelagibaca,Salipiger,genus,https://lpsn.dsmz.de/genus/salipiger
Paraphaeobacter,Salipiger,genus,https://lpsn.dsmz.de/genus/salipiger
Conglomeromonas,Azospirillum,genus,https://lpsn.dsmz.de/genus/azospirillum
Didymococcus,Geminisphaera,genus,https://lpsn.dsmz.de/genus/geminisphaera
Diplosphaera,Geminisphaera,genus,https://lpsn.dsmz.de/genus/geminisphaera
Carboxydobrachium,Carboxydibrachium,genus,https://lpsn.dsmz.de/genus/carboxydibrachium
Anaerobaculum,Acetomicrobium,genus,https://lpsn.dsmz.de/genus/acetomicrobium
Aerobacillus,Paenibacillus,genus,https://lpsn.dsmz.de/genus/paenibacillus
Zymophilus,Propionispira,genus,https://lpsn.dsmz.de/genus/propionispira
Libanicoccus,Parolsenella,genus,https://lpsn.dsmz.de/genus/parolsenella
Planomicrobium,Planococcus,genus,https://lpsn.dsmz.de/genus/planococcus
Lysinimicrobium,Demequina,genus,https://lpsn.dsmz.de/genus/demequina
Thiosphaera,Paracoccus,genus,https://lpsn.dsmz.de/genus/paracoccus
Winslowiella,Erwinia,genus,https://lpsn.dsmz.de/genus/erwinia
Entomohabitans,Erwinia,genus,https://lpsn.dsmz.de/genus/erwinia
Duffyella,Erwinia,genus,https://lpsn.dsmz.de/genus/erwinia
Porphyrobacter,Erythrobacter,genus,https://lpsn.dsmz.de/genus/erythrobacter
Erythromicrobium,Erythrobacter,genus,https://lpsn.dsmz.de/genus/erythrobacter
Borrelomycetales,Mycoplasmoidales,order,https://lpsn.dsmz.de/order/mycoplasmoidales
Anulomycetales,Mycoplasmoidales,order,https://lpsn.dsmz.de/order/mycoplasmoidales
Brachyspiriales,Brachyspirales,order,https://lpsn.dsmz.de/order/brachyspirales
Haloanaerobiales,Halanaerobiales,order,https://lpsn.dsmz.de/order/halanaerobiales
Iamiales,Acidimicrobiales,order,https://lpsn.dsmz.de/order/acidimicrobiales
Beggiatoales,Thiotrichales,order,https://lpsn.dsmz.de/order/thiotrichales
Plectridiales,Caryophanales,order,https://lpsn.dsmz.de/order/caryophanales
Desulfuribacillales,Caryophanales,order,https://lpsn.dsmz.de/order/caryophanales
Bacillales,Caryophanales,order,https://lpsn.dsmz.de/order/caryophanales
Xanthomonadales,Lysobacterales,order,https://lpsn.dsmz.de/order/lysobacterales
Enterobacteriales,Enterobacterales,order,https://lpsn.dsmz.de/order/enterobacterales
Syntrophales,Syntrophobacterales,order,https://lpsn.dsmz.de/order/syntrophobacterales
Desulfomonilales,Syntrophobacterales,order,https://lpsn.dsmz.de/order/syntrophobacterales
Desulfobaccales,Syntrophobacterales,order,https://lpsn.dsmz.de/order/syntrophobacterales
Haliangiales,Myxococcales,order,https://lpsn.dsmz.de/order/myxococcales
Polyangiales,Myxococcales,order,https://lpsn.dsmz.de/order/myxococcales
Nannocystales,Myxococcales,order,https://lpsn.dsmz.de/order/myxococcales
Ktedobacterales,Ktedonobacterales,order,https://lpsn.dsmz.de/order/ktedonobacterales
Acidobacteriales,Terriglobales,order,https://lpsn.dsmz.de/order/terriglobales
Picrophilales,Thermoplasmatales,order,https://lpsn.dsmz.de/order/thermoplasmatales
Parachlamydiales,Chlamydiales,order,https://lpsn.dsmz.de/order/chlamydiales
Sporomusales,Selenomonadales,order,https://lpsn.dsmz.de/order/selenomonadales
Actinocatenisporales,Micromonosporales,order,https://lpsn.dsmz.de/order/micromonosporales
Phytomonosporales,Micromonosporales,order,https://lpsn.dsmz.de/order/micromonosporales
Actinoplanales,Micromonosporales,order,https://lpsn.dsmz.de/order/micromonosporales
Dictyoglomales,Dictyoglomerales,order,https://lpsn.dsmz.de/order/dictyoglomerales
Prochlorales,Synechococcales,order,https://lpsn.dsmz.de/order/synechococcales
Leptospiriales,Leptospirales,order,https://lpsn.dsmz.de/order/leptospirales
Spirillales,Nitrosomonadales,order,https://lpsn.dsmz.de/order/nitrosomonadales
Sulfuricellales,Nitrosomonadales,order,https://lpsn.dsmz.de/order/nitrosomonadales
Methylophilales,Nitrosomonadales,order,https://lpsn.dsmz.de/order/nitrosomonadales
Thermodesulfobiales,Thermoanaerobacterales,order,https://lpsn.dsmz.de/order/thermoanaerobacterales
Moorellales,Thermoanaerobacterales,order,https://lpsn.dsmz.de/order/thermoanaerobacterales
Moraxellales,Pseudomonadales,order,https://lpsn.dsmz.de/order/pseudomonadales
Maricaulales,Caulobacterales,order,https://lpsn.dsmz.de/order/caulobacterales
Hyphomonadales,Caulobacterales,order,https://lpsn.dsmz.de/order/caulobacterales
Streptomycetales,Kitasatosporales,order,https://lpsn.dsmz.de/order/kitasatosporales
Streptomycetales,Kitasatosporales,order,https://lpsn.dsmz.de/order/kitasatosporales
Marinilabiliales,Bacteroidales,order,https://lpsn.dsmz.de/order/bacteroidales
Actinopolysporales,Pseudonocardiales,order,https://lpsn.dsmz.de/order/pseudonocardiales
Desulfotomaculales,Eubacteriales,order,https://lpsn.dsmz.de/order/eubacteriales
Heliobacteriales,Eubacteriales,order,https://lpsn.dsmz.de/order/eubacteriales
Clostridiales,Eubacteriales,order,https://lpsn.dsmz.de/order/eubacteriales
Antricoccales,Geodermatophilales,order,https://lpsn.dsmz.de/order/geodermatophilales
Motilibacterales,Frankiales,order,https://lpsn.dsmz.de/order/frankiales
Motilibacterales,Frankiales,order,https://lpsn.dsmz.de/order/frankiales
Thermofilales,Thermoproteales,order,https://lpsn.dsmz.de/order/thermoproteales
Conexivisphaerales,Thermoproteales,order,https://lpsn.dsmz.de/order/thermoproteales
Geovibriales,Deferribacterales,order,https://lpsn.dsmz.de/order/deferribacterales
Rhizobiales,Hyphomicrobiales,order,https://lpsn.dsmz.de/order/hyphomicrobiales
Igneococcales,Desulfurococcales,order,https://lpsn.dsmz.de/order/desulfurococcales
Corynebacteriales,Mycobacteriales,order,https://lpsn.dsmz.de/order/mycobacteriales
Microbacteriales,Micrococcales,order,https://lpsn.dsmz.de/order/micrococcales
Beutenbergiales,Micrococcales,order,https://lpsn.dsmz.de/order/micrococcales
Demequinales,Micrococcales,order,https://lpsn.dsmz.de/order/micrococcales
Cellulomonadales,Micrococcales,order,https://lpsn.dsmz.de/order/micrococcales
Dermatophilales,Micrococcales,order,https://lpsn.dsmz.de/order/micrococcales
Aquipuribacterales,Micrococcales,order,https://lpsn.dsmz.de/order/micrococcales
Ruaniales,Micrococcales,order,https://lpsn.dsmz.de/order/micrococcales
Dermabacterales,Micrococcales,order,https://lpsn.dsmz.de/order/micrococcales
Brevibacteriales,Micrococcales,order,https://lpsn.dsmz.de/order/micrococcales
Bogoriellales,Micrococcales,order,https://lpsn.dsmz.de/order/micrococcales
Chthoniobacterales,Terrimicrobiales,order,https://lpsn.dsmz.de/order/terrimicrobiales
Desulfatiglandales,Desulfobacterales,order,https://lpsn.dsmz.de/order/desulfobacterales
Desulfobulbales,Desulfobacterales,order,https://lpsn.dsmz.de/order/desulfobacterales
Kiloniellales,Rhodospirillales,order,https://lpsn.dsmz.de/order/rhodospirillales
Desulfarcales,Desulfarculales,order,https://lpsn.dsmz.de/order/desulfarculales
Kangiellales,Oceanospirillales,order,https://lpsn.dsmz.de/order/oceanospirillales
Desulfuromonales,Desulfuromonadales,order,https://lpsn.dsmz.de/order/desulfuromonadales
Geobacterales,Desulfuromonadales,order,https://lpsn.dsmz.de/order/desulfuromonadales
Methanotrichales,Methanosarcinales,order,https://lpsn.dsmz.de/order/methanosarcinales
Thermodesulfobiia,Clostridia,class,https://lpsn.dsmz.de/class/clostridia
Clostridiia,Clostridia,class,https://lpsn.dsmz.de/class/clostridia
Halanaerobiia,Clostridia,class,https://lpsn.dsmz.de/class/clostridia
Desulfotomaculia,Clostridia,class,https://lpsn.dsmz.de/class/clostridia
Natranaerobiia,Clostridia,class,https://lpsn.dsmz.de/class/clostridia
Opitutia,Opitutae,class,https://lpsn.dsmz.de/class/opitutae
Caldilineia,Caldilineae,class,https://lpsn.dsmz.de/class/caldilineae
Endomicrobia,Endomicrobiia,class,https://lpsn.dsmz.de/class/endomicrobiia
Longimicrobia,Longimicrobiia,class,https://lpsn.dsmz.de/class/longimicrobiia
Chlamydiae,Chlamydiia,class,https://lpsn.dsmz.de/class/chlamydiia
Elusimicrobiia,Elusimicrobia,class,https://lpsn.dsmz.de/class/elusimicrobia
Bacteriovoracia,Oligoflexia,class,https://lpsn.dsmz.de/class/oligoflexia
Bdellovibrionia,Oligoflexia,class,https://lpsn.dsmz.de/class/oligoflexia
Oxyphotobacteria,Cyanophyceae,class,https://lpsn.dsmz.de/class/cyanophyceae
Gloeobacteria,Cyanophyceae,class,https://lpsn.dsmz.de/class/cyanophyceae
Chroobacteria,Cyanophyceae,class,https://lpsn.dsmz.de/class/cyanophyceae
Hormogoneae,Cyanophyceae,class,https://lpsn.dsmz.de/class/cyanophyceae
Hadobacteria,Deinococci,class,https://lpsn.dsmz.de/class/deinococci
Thermia,Deinococci,class,https://lpsn.dsmz.de/class/deinococci
Deinococcia,Deinococci,class,https://lpsn.dsmz.de/class/deinococci
Chromatibacteria,Gammaproteobacteria,class,https://lpsn.dsmz.de/class/gammaproteobacteria
Chromatiia,Gammaproteobacteria,class,https://lpsn.dsmz.de/class/gammaproteobacteria
Campylobacteria,Epsilonproteobacteria,class,https://lpsn.dsmz.de/class/epsilonproteobacteria
Nautiliia,Epsilonproteobacteria,class,https://lpsn.dsmz.de/class/epsilonproteobacteria
Bacteroidetia,Bacteroidia,class,https://lpsn.dsmz.de/class/bacteroidia
Abditibacteria,Abditibacteriia,class,https://lpsn.dsmz.de/class/abditibacteriia
Arabobacteria,Actinomycetes,class,https://lpsn.dsmz.de/class/actinomycetes
Streptomycetes,Actinomycetes,class,https://lpsn.dsmz.de/class/actinomycetes
Actinobacteria,Actinomycetes,class,https://lpsn.dsmz.de/class/actinomycetes
Actinomycetia,Actinomycetes,class,https://lpsn.dsmz.de/class/actinomycetes
Arthrobacteria,Actinomycetes,class,https://lpsn.dsmz.de/class/actinomycetes
Hydrogenophilalia,Hydrogenophilia,class,https://lpsn.dsmz.de/class/hydrogenophilia
Methanothermea,Methanococci,class,https://lpsn.dsmz.de/class/methanococci
Desulfobaccia,Deltaproteobacteria,class,https://lpsn.dsmz.de/class/deltaproteobacteria
Desulfobulbia,Deltaproteobacteria,class,https://lpsn.dsmz.de/class/deltaproteobacteria
Desulfomonilia,Deltaproteobacteria,class,https://lpsn.dsmz.de/class/deltaproteobacteria
Syntrophia,Deltaproteobacteria,class,https://lpsn.dsmz.de/class/deltaproteobacteria
Polyangiia,Deltaproteobacteria,class,https://lpsn.dsmz.de/class/deltaproteobacteria
Deltabacteria,Deltaproteobacteria,class,https://lpsn.dsmz.de/class/deltaproteobacteria
Syntrophorhabdia,Deltaproteobacteria,class,https://lpsn.dsmz.de/class/deltaproteobacteria
Desulfovibrionia,Deltaproteobacteria,class,https://lpsn.dsmz.de/class/deltaproteobacteria
Syntrophobacteria,Deltaproteobacteria,class,https://lpsn.dsmz.de/class/deltaproteobacteria
Desulfobacteria,Deltaproteobacteria,class,https://lpsn.dsmz.de/class/deltaproteobacteria
Myxococcia,Deltaproteobacteria,class,https://lpsn.dsmz.de/class/deltaproteobacteria
Desulfarculia,Deltaproteobacteria,class,https://lpsn.dsmz.de/class/deltaproteobacteria
Desulfuromonadia,Deltaproteobacteria,class,https://lpsn.dsmz.de/class/deltaproteobacteria
Desulfurellia,Deltaproteobacteria,class,https://lpsn.dsmz.de/class/deltaproteobacteria
Myxococcia,Deltaproteobacteria,class,https://lpsn.dsmz.de/class/deltaproteobacteria
Deferrisomatia,Deltaproteobacteria,class,https://lpsn.dsmz.de/class/deltaproteobacteria
Dissulfuribacteria,Deltaproteobacteria,class,https://lpsn.dsmz.de/class/deltaproteobacteria
Polyangia,Deltaproteobacteria,class,https://lpsn.dsmz.de/class/deltaproteobacteria
Chloroflexi,Chloroflexia,class,https://lpsn.dsmz.de/class/chloroflexia
Chlorobacteria,Chloroflexia,class,https://lpsn.dsmz.de/class/chloroflexia
Nitrospira,Nitrospiria,class,https://lpsn.dsmz.de/class/nitrospiria
Planctomycetacia,Planctomycetia,class,https://lpsn.dsmz.de/class/planctomycetia
Planctomycea,Planctomycetia,class,https://lpsn.dsmz.de/class/planctomycetia
Planctomycetes,Planctomycetia,class,https://lpsn.dsmz.de/class/planctomycetia
Zetaproteobacteria,Alphaproteobacteria,class,https://lpsn.dsmz.de/class/alphaproteobacteria
Mariprofundia,Alphaproteobacteria,class,https://lpsn.dsmz.de/class/alphaproteobacteria
Caulobacteria,Alphaproteobacteria,class,https://lpsn.dsmz.de/class/alphaproteobacteria
Anoxyphotobacteria,Alphaproteobacteria,class,https://lpsn.dsmz.de/class/alphaproteobacteria
Alphabacteria,Alphaproteobacteria,class,https://lpsn.dsmz.de/class/alphaproteobacteria
Flavobacteria,Cytophagia,class,https://lpsn.dsmz.de/class/cytophagia
Gemmatimonadia,Gemmatimonadetes,class,https://lpsn.dsmz.de/class/gemmatimonadetes
Picrophilea,Thermoplasmata,class,https://lpsn.dsmz.de/class/thermoplasmata
Ferrobacteria,Deferribacteres,class,https://lpsn.dsmz.de/class/deferribacteres
Deferribacteria,Deferribacteres,class,https://lpsn.dsmz.de/class/deferribacteres
Protoarchaea,Thermococci,class,https://lpsn.dsmz.de/class/thermococci
Togobacteria,Thermotogae,class,https://lpsn.dsmz.de/class/thermotogae
Thermotogia,Thermotogae,class,https://lpsn.dsmz.de/class/thermotogae
Archaeoglobea,Archaeoglobi,class,https://lpsn.dsmz.de/class/archaeoglobi
Verrucomicrobiia,Verrucomicrobiae,class,https://lpsn.dsmz.de/class/verrucomicrobiae
Dictyoglomia,Dictyoglomeria,class,https://lpsn.dsmz.de/class/dictyoglomeria
Epsilobacteria,Aquificae,class,https://lpsn.dsmz.de/class/aquificae
Aquificia,Aquificae,class,https://lpsn.dsmz.de/class/aquificae
Kiritimatiellae,Kiritimatiellia,class,https://lpsn.dsmz.de/class/kiritimatiellia
Archaeobacteria,Methanobacteria,class,https://lpsn.dsmz.de/class/methanobacteria
Halomebacteria,Halobacteria,class,https://lpsn.dsmz.de/class/halobacteria
Spartobacteria,Terrimicrobiia,class,https://lpsn.dsmz.de/class/terrimicrobiia
Terrimicrobia,Terrimicrobiia,class,https://lpsn.dsmz.de/class/terrimicrobiia
Chlorobia,Chlorobiia,class,https://lpsn.dsmz.de/class/chlorobiia
Chlorobia,Chlorobiia,class,https://lpsn.dsmz.de/class/chlorobiia
Chlorobea,Chlorobiia,class,https://lpsn.dsmz.de/class/chlorobiia
Ktedobacteria,Ktedonobacteria,class,https://lpsn.dsmz.de/class/ktedonobacteria
Ignavibacteriia,Ignavibacteria,class,https://lpsn.dsmz.de/class/ignavibacteria
Leptospiria,Spirochaetia,class,https://lpsn.dsmz.de/class/spirochaetia
Spirochaetes,Spirochaetia,class,https://lpsn.dsmz.de/class/spirochaetia
Calditrichae,Calditrichia,class,https://lpsn.dsmz.de/class/calditrichia
Acidobacteriia,Terriglobia,class,https://lpsn.dsmz.de/class/terriglobia
Acidobacteria,Terriglobia,class,https://lpsn.dsmz.de/class/terriglobia
Acidobacteriae,Terriglobia,class,https://lpsn.dsmz.de/class/terriglobia
Crenarchaeota,Thermoprotei,class,https://lpsn.dsmz.de/class/thermoprotei
Conexivisphaeria,Thermoprotei,class,https://lpsn.dsmz.de/class/thermoprotei
Thermoprotea,Thermoprotei,class,https://lpsn.dsmz.de/class/thermoprotei
Fusobacteria,Fusobacteriia,class,https://lpsn.dsmz.de/class/fusobacteriia
Firmibacteria,Bacilli,class,https://lpsn.dsmz.de/class/bacilli
Teichobacteria,Bacilli,class,https://lpsn.dsmz.de/class/bacilli
Desulfuribacillia,Bacilli,class,https://lpsn.dsmz.de/class/bacilli
Bacillia,Bacilli,class,https://lpsn.dsmz.de/class/bacilli
Thermodesulfobacteriia,Thermodesulfobacteria,class,https://lpsn.dsmz.de/class/thermodesulfobacteria
Selenobacteria,Negativicutes,class,https://lpsn.dsmz.de/class/negativicutes
Selenomonadia,Negativicutes,class,https://lpsn.dsmz.de/class/negativicutes
Catalimonadaceae,Catalinimonadaceae,family,https://lpsn.dsmz.de/family/catalinimonadaceae
Mzabimycetaceae,Pseudonocardiaceae,family,https://lpsn.dsmz.de/family/pseudonocardiaceae
Actinopolysporaceae,Pseudonocardiaceae,family,https://lpsn.dsmz.de/family/pseudonocardiaceae
Actinosynnemataceae,Pseudonocardiaceae,family,https://lpsn.dsmz.de/family/pseudonocardiaceae
Pillotinaceae,Spirochaetaceae,family,https://lpsn.dsmz.de/family/spirochaetaceae
Azotobacteraceae,Pseudomonadaceae,family,https://lpsn.dsmz.de/family/pseudomonadaceae
Acuticoccaceae,Amorphaceae,family,https://lpsn.dsmz.de/family/amorphaceae
Desulfurivibrionaceae,Desulfobulbaceae,family,https://lpsn.dsmz.de/family/desulfobulbaceae
Desulfocapsaceae,Desulfobulbaceae,family,https://lpsn.dsmz.de/family/desulfobulbaceae
Ktedobacteraceae,Ktedonobacteraceae,family,https://lpsn.dsmz.de/family/ktedonobacteraceae
Yaniaceae,Micrococcaceae,family,https://lpsn.dsmz.de/family/micrococcaceae
Yaniellaceae,Micrococcaceae,family,https://lpsn.dsmz.de/family/micrococcaceae
Dictyoglomaceae,Dictyoglomeraceae,family,https://lpsn.dsmz.de/family/dictyoglomeraceae
Conexivisphaeraceae,Thermoproteaceae,family,https://lpsn.dsmz.de/family/thermoproteaceae
Pleioneaceae,Kangiellaceae,family,https://lpsn.dsmz.de/family/kangiellaceae
Meganemataceae,Neomegalonemataceae,family,https://lpsn.dsmz.de/family/neomegalonemataceae
Meganemaceae,Neomegalonemataceae,family,https://lpsn.dsmz.de/family/neomegalonemataceae
Desulfosalsimonadaceae,Desulfobacteraceae,family,https://lpsn.dsmz.de/family/desulfobacteraceae
Desulfofabaceae,Desulfobacteraceae,family,https://lpsn.dsmz.de/family/desulfobacteraceae
Desulfosarcinaceae,Desulfobacteraceae,family,https://lpsn.dsmz.de/family/desulfobacteraceae
Desulforegulaceae,Desulfobacteraceae,family,https://lpsn.dsmz.de/family/desulfobacteraceae
Desulfatirhabdiaceae,Desulfobacteraceae,family,https://lpsn.dsmz.de/family/desulfobacteraceae
Desulfolunaceae,Desulfobacteraceae,family,https://lpsn.dsmz.de/family/desulfobacteraceae
Desulfococcaceae,Desulfobacteraceae,family,https://lpsn.dsmz.de/family/desulfobacteraceae
Desulfatiglandaceae,Desulfobacteraceae,family,https://lpsn.dsmz.de/family/desulfobacteraceae
Desulfobacteriaceae,Desulfobacteraceae,family,https://lpsn.dsmz.de/family/desulfobacteraceae
Desulfatibacillaceae,Desulfobacteraceae,family,https://lpsn.dsmz.de/family/desulfobacteraceae
Hydrogenimonaceae,Hydrogenimonadaceae,family,https://lpsn.dsmz.de/family/hydrogenimonadaceae
Phaeocystidibacteraceae,Cryomorphaceae,family,https://lpsn.dsmz.de/family/cryomorphaceae
Vicingaceae,Cryomorphaceae,family,https://lpsn.dsmz.de/family/cryomorphaceae
Luteibaculaceae,Cryomorphaceae,family,https://lpsn.dsmz.de/family/cryomorphaceae
Salibacteraceae,Cryomorphaceae,family,https://lpsn.dsmz.de/family/cryomorphaceae
Moorellaceae,Thermoanaerobacteraceae,family,https://lpsn.dsmz.de/family/thermoanaerobacteraceae
Calderihabitantaceae,Thermoanaerobacteraceae,family,https://lpsn.dsmz.de/family/thermoanaerobacteraceae
Pelobacteraceae,Desulfuromonadaceae,family,https://lpsn.dsmz.de/family/desulfuromonadaceae
Desulfuromonaceae,Desulfuromonadaceae,family,https://lpsn.dsmz.de/family/desulfuromonadaceae
Geoalkalibacteraceae,Desulfuromonadaceae,family,https://lpsn.dsmz.de/family/desulfuromonadaceae
Pseudopelobacteraceae,Desulfuromonadaceae,family,https://lpsn.dsmz.de/family/desulfuromonadaceae
Trichloromonadaceae,Desulfuromonadaceae,family,https://lpsn.dsmz.de/family/desulfuromonadaceae
Cyanobiaceae,Synechococcaceae,family,https://lpsn.dsmz.de/family/synechococcaceae
Sapromycetaceae,Acholeplasmataceae,family,https://lpsn.dsmz.de/family/acholeplasmataceae
Carbonactinosporaceae,Streptomycetaceae,family,https://lpsn.dsmz.de/family/streptomycetaceae
Allostreptomycetaceae,Streptomycetaceae,family,https://lpsn.dsmz.de/family/streptomycetaceae
Vitreoscillaceae,Neisseriaceae,family,https://lpsn.dsmz.de/family/neisseriaceae
Simonsiellaceae,Neisseriaceae,family,https://lpsn.dsmz.de/family/neisseriaceae
Haloanaerobiaceae,Halanaerobiaceae,family,https://lpsn.dsmz.de/family/halanaerobiaceae
Catabacteriaceae,Christensenellaceae,family,https://lpsn.dsmz.de/family/christensenellaceae
Catabacteraceae,Christensenellaceae,family,https://lpsn.dsmz.de/family/christensenellaceae
Novibacillaceae,Thermoactinomycetaceae,family,https://lpsn.dsmz.de/family/thermoactinomycetaceae
Planococcaceae,Caryophanaceae,family,https://lpsn.dsmz.de/family/caryophanaceae
Owenweeksiaceae,Schleiferiaceae,family,https://lpsn.dsmz.de/family/schleiferiaceae
Prochlorotrichaceae,Pseudanabaenaceae,family,https://lpsn.dsmz.de/family/pseudanabaenaceae
Sokoloviaceae,Pseudanabaenaceae,family,https://lpsn.dsmz.de/family/pseudanabaenaceae
Achromobacteraceae,Alcaligenaceae,family,https://lpsn.dsmz.de/family/alcaligenaceae
Spirosomaceae,Spirosomataceae,family,https://lpsn.dsmz.de/family/spirosomataceae
Solimonadaceae,Nevskiaceae,family,https://lpsn.dsmz.de/family/nevskiaceae
Sinobacteraceae,Nevskiaceae,family,https://lpsn.dsmz.de/family/nevskiaceae
Thioreductoraceae,Nautiliaceae,family,https://lpsn.dsmz.de/family/nautiliaceae
Marinobacteraceae,Alteromonadaceae,family,https://lpsn.dsmz.de/family/alteromonadaceae
Anaplasmataceae,Ehrlichiaceae,family,https://lpsn.dsmz.de/family/ehrlichiaceae
Desulfoplanetaceae,Desulfomicrobiaceae,family,https://lpsn.dsmz.de/family/desulfomicrobiaceae
Desulfoplanaceae,Desulfomicrobiaceae,family,https://lpsn.dsmz.de/family/desulfomicrobiaceae
Sulfurospirillaceae,Campylobacteraceae,family,https://lpsn.dsmz.de/family/campylobacteraceae
Xanthomonadaceae,Lysobacteraceae,family,https://lpsn.dsmz.de/family/lysobacteraceae
Microsphaeraceae,Nakamurellaceae,family,https://lpsn.dsmz.de/family/nakamurellaceae
Desulfonatronumaceae,Desulfonatronaceae,family,https://lpsn.dsmz.de/family/desulfonatronaceae
Methanoplanaceae,Methanomicrobiaceae,family,https://lpsn.dsmz.de/family/methanomicrobiaceae
Sulfurovaceae,Helicobacteraceae,family,https://lpsn.dsmz.de/family/helicobacteraceae
Sulfurimonadaceae,Helicobacteraceae,family,https://lpsn.dsmz.de/family/helicobacteraceae
Thiovulaceae,Helicobacteraceae,family,https://lpsn.dsmz.de/family/helicobacteraceae
Draconibacteriaceae,Prolixibacteraceae,family,https://lpsn.dsmz.de/family/prolixibacteraceae
Rectinemataceae,Treponemataceae,family,https://lpsn.dsmz.de/family/treponemataceae
Nitrobacteriaceae,Nitrobacteraceae,family,https://lpsn.dsmz.de/family/nitrobacteraceae
Bradyrhizobiaceae,Nitrobacteraceae,family,https://lpsn.dsmz.de/family/nitrobacteraceae
Branhamaceae,Moraxellaceae,family,https://lpsn.dsmz.de/family/moraxellaceae
Perlucidibacaceae,Moraxellaceae,family,https://lpsn.dsmz.de/family/moraxellaceae
Haliangiaceae,Kofleriaceae,family,https://lpsn.dsmz.de/family/kofleriaceae
Haliangiaceae,Kofleriaceae,family,https://lpsn.dsmz.de/family/kofleriaceae
Kordiimonadaceae,Temperatibacteraceae,family,https://lpsn.dsmz.de/family/temperatibacteraceae
Oscillariaceae,Oscillatoriaceae,family,https://lpsn.dsmz.de/family/oscillatoriaceae
Plectonemataceae,Oscillatoriaceae,family,https://lpsn.dsmz.de/family/oscillatoriaceae
Lyngbyaceae,Oscillatoriaceae,family,https://lpsn.dsmz.de/family/oscillatoriaceae
Arcanobacteriaceae,Actinomycetaceae,family,https://lpsn.dsmz.de/family/actinomycetaceae
Methanotrichaceae,Methanosaetaceae,family,https://lpsn.dsmz.de/family/methanosaetaceae
Methanotrichaceae,Methanosaetaceae,family,https://lpsn.dsmz.de/family/methanosaetaceae
Chlamydozoaceae,Chlamydiaceae,family,https://lpsn.dsmz.de/family/chlamydiaceae
Halobacteriovoraceae,Halobacteriovoracaceae,family,https://lpsn.dsmz.de/family/halobacteriovoracaceae
Thermodesulforhabdaceae,Syntrophobacteraceae,family,https://lpsn.dsmz.de/family/syntrophobacteraceae
Lujinxingiaceae,Bradymonadaceae,family,https://lpsn.dsmz.de/family/bradymonadaceae
Alcanivoraceae,Alcanivoracaceae,family,https://lpsn.dsmz.de/family/alcanivoracaceae
Natronoarchaeaceae,Halobacteriaceae,family,https://lpsn.dsmz.de/family/halobacteriaceae
Thiocapsaceae,Chromatiaceae,family,https://lpsn.dsmz.de/family/chromatiaceae
Arsenicicoccaceae,Dermatophilaceae,family,https://lpsn.dsmz.de/family/dermatophilaceae
Aquipuribacteraceae,Intrasporangiaceae,family,https://lpsn.dsmz.de/family/intrasporangiaceae
Bruguierivoracaceae,Pectobacteriaceae,family,https://lpsn.dsmz.de/family/pectobacteriaceae
Leucotrichaceae,Thiotrichaceae,family,https://lpsn.dsmz.de/family/thiotrichaceae
Leucotrichaceae,Thiotrichaceae,family,https://lpsn.dsmz.de/family/thiotrichaceae
Achromatiaceae,Thiotrichaceae,family,https://lpsn.dsmz.de/family/thiotrichaceae
Hoyosellaceae,Nocardiaceae,family,https://lpsn.dsmz.de/family/nocardiaceae
Tomitellaceae,Nocardiaceae,family,https://lpsn.dsmz.de/family/nocardiaceae
Hippeaceae,Desulfurellaceae,family,https://lpsn.dsmz.de/family/desulfurellaceae
Erysipelatoclostridiaceae,Erysipelotrichaceae,family,https://lpsn.dsmz.de/family/erysipelotrichaceae
Smithellaceae,Syntrophaceae,family,https://lpsn.dsmz.de/family/syntrophaceae
Desulfobaccaceae,Syntrophaceae,family,https://lpsn.dsmz.de/family/syntrophaceae
Desulfomonilaceae,Syntrophaceae,family,https://lpsn.dsmz.de/family/syntrophaceae
Sphaerotilaceae,Comamonadaceae,family,https://lpsn.dsmz.de/family/comamonadaceae
Anulomycetaceae,Metamycoplasmataceae,family,https://lpsn.dsmz.de/family/metamycoplasmataceae
Borrelomycetaceae,Metamycoplasmataceae,family,https://lpsn.dsmz.de/family/metamycoplasmataceae
Ristellaceae,Bacteroidaceae,family,https://lpsn.dsmz.de/family/bacteroidaceae
Balneatrichaceae,Balneatricaceae,family,https://lpsn.dsmz.de/family/balneatricaceae
Aquaspirillaceae,Chromobacteriaceae,family,https://lpsn.dsmz.de/family/chromobacteriaceae
Leeiaceae,Chromobacteriaceae,family,https://lpsn.dsmz.de/family/chromobacteriaceae
Chitinibacteraceae,Chromobacteriaceae,family,https://lpsn.dsmz.de/family/chromobacteriaceae
Enterobacteraceae,Enterobacteriaceae,family,https://lpsn.dsmz.de/family/enterobacteriaceae
Pleurococcaceae,Chroococcaceae,family,https://lpsn.dsmz.de/family/chroococcaceae
Gloeocapsaceae,Chroococcaceae,family,https://lpsn.dsmz.de/family/chroococcaceae
Elioraeaceae,Acetobacteraceae,family,https://lpsn.dsmz.de/family/acetobacteraceae
Sanguibacteraceae,Jonesiaceae,family,https://lpsn.dsmz.de/family/jonesiaceae
Haliscomenobacteraceae,Lewinellaceae,family,https://lpsn.dsmz.de/family/lewinellaceae
Proteinivoraceae,Proteinivoracaceae,family,https://lpsn.dsmz.de/family/proteinivoracaceae
Cystobacteraceae,Archangiaceae,family,https://lpsn.dsmz.de/family/archangiaceae
Chloracidobacteriaceae,Acidobacteriaceae,family,https://lpsn.dsmz.de/family/acidobacteriaceae
Terminosporaceae,Clostridiaceae,family,https://lpsn.dsmz.de/family/clostridiaceae
Thermohalobacteraceae,Clostridiaceae,family,https://lpsn.dsmz.de/family/clostridiaceae
Sarcinaceae,Clostridiaceae,family,https://lpsn.dsmz.de/family/clostridiaceae
Mucispirillaceae,Deferribacteraceae,family,https://lpsn.dsmz.de/family/deferribacteraceae
Calditerrivibrionaceae,Deferribacteraceae,family,https://lpsn.dsmz.de/family/deferribacteraceae
Flexistipitaceae,Deferribacteraceae,family,https://lpsn.dsmz.de/family/deferribacteraceae
Nocardiopsaceae,Nocardiopsidaceae,family,https://lpsn.dsmz.de/family/nocardiopsidaceae
Thermodesulfatatoraceae,Thermodesulfobacteriaceae,family,https://lpsn.dsmz.de/family/thermodesulfobacteriaceae
Tepidimicrobiaceae,Tissierellaceae,family,https://lpsn.dsmz.de/family/tissierellaceae
Sporanaerobacteraceae,Tissierellaceae,family,https://lpsn.dsmz.de/family/tissierellaceae
Cyanobacteriaceae,Geminocystaceae,family,https://lpsn.dsmz.de/family/geminocystaceae
Ferroplasmaceae,Ferroplasmataceae,family,https://lpsn.dsmz.de/family/ferroplasmataceae
Ruminococcaceae,Oscillospiraceae,family,https://lpsn.dsmz.de/family/oscillospiraceae
Hungateiclostridiaceae,Oscillospiraceae,family,https://lpsn.dsmz.de/family/oscillospiraceae
Oerskoviaceae,Promicromonosporaceae,family,https://lpsn.dsmz.de/family/promicromonosporaceae
Geothermobacteraceae,Geobacteraceae,family,https://lpsn.dsmz.de/family/geobacteraceae
Geopsychrobacteraceae,Geobacteraceae,family,https://lpsn.dsmz.de/family/geobacteraceae
Methylomonadaceae,Methylococcaceae,family,https://lpsn.dsmz.de/family/methylococcaceae
Actinoplanetaceae,Micromonosporaceae,family,https://lpsn.dsmz.de/family/micromonosporaceae
Actinoplanaceae,Micromonosporaceae,family,https://lpsn.dsmz.de/family/micromonosporaceae
Phytomonosporaceae,Micromonosporaceae,family,https://lpsn.dsmz.de/family/micromonosporaceae
Actinocatenisporaceae,Micromonosporaceae,family,https://lpsn.dsmz.de/family/micromonosporaceae
Robiginitomaculaceae,Hyphomonadaceae,family,https://lpsn.dsmz.de/family/hyphomonadaceae
Desulfonauticaceae,Desulfohalobiaceae,family,https://lpsn.dsmz.de/family/desulfohalobiaceae
Desulfonatronovibrionaceae,Desulfohalobiaceae,family,https://lpsn.dsmz.de/family/desulfohalobiaceae
Desulfothermaceae,Desulfohalobiaceae,family,https://lpsn.dsmz.de/family/desulfohalobiaceae
Rhodobacteraceae,Paracoccaceae,family,https://lpsn.dsmz.de/family/paracoccaceae
Actinotaleaceae,Cellulomonadaceae,family,https://lpsn.dsmz.de/family/cellulomonadaceae
Pelotomaculaceae,Peptococcaceae,family,https://lpsn.dsmz.de/family/peptococcaceae
Desulfallantaceae,Peptococcaceae,family,https://lpsn.dsmz.de/family/peptococcaceae
Desulfocucumeraceae,Peptococcaceae,family,https://lpsn.dsmz.de/family/peptococcaceae
Desulfofarciminaceae,Peptococcaceae,family,https://lpsn.dsmz.de/family/peptococcaceae
Desulfocucumaceae,Peptococcaceae,family,https://lpsn.dsmz.de/family/peptococcaceae
Desulfotomaculaceae,Peptococcaceae,family,https://lpsn.dsmz.de/family/peptococcaceae
Thermincolaceae,Peptococcaceae,family,https://lpsn.dsmz.de/family/peptococcaceae
Desulfurisporaceae,Peptococcaceae,family,https://lpsn.dsmz.de/family/peptococcaceae
Desulfallaceae,Peptococcaceae,family,https://lpsn.dsmz.de/family/peptococcaceae
Desulfitibacteraceae,Peptococcaceae,family,https://lpsn.dsmz.de/family/peptococcaceae
Desulfohalotomaculaceae,Peptococcaceae,family,https://lpsn.dsmz.de/family/peptococcaceae
Bdellovibrionaceae,Pseudobdellovibrionaceae,family,https://lpsn.dsmz.de/family/pseudobdellovibrionaceae
Mabikibacteraceae,Notoacmeibacteraceae,family,https://lpsn.dsmz.de/family/notoacmeibacteraceae
Phaselicystidaceae,Phaselicystaceae,family,https://lpsn.dsmz.de/family/phaselicystaceae
